ProductID,ProductName,Category,Stock,UnitPrice,RetailPrice
Osaka Shinsaibashi_7248_017,beer1,beer1,198,614.4,854.77
Osaka Shinsaibashi_2312_018,beer1,beer1,148,432.47,606.86
Osaka Shinsaibashi_6541_019,beer1,beer1,49,751.2,1001.39
Osaka Shinsaibashi_6874_020,beer1,beer1,150,611.27,735.61
Osaka Shinsaibashi_3599_021,beer1,beer1,49,373.72,471.06
Osaka Shinsaibashi_9913_022,beer1,beer1,300,861.21,1077.31
Osaka Shinsaibashi_9297_023,beer1,beer1,145,521.87,654.57
Osaka Shinsaibashi_7248_017,beer1,beer1,200,614.4,854.77
Osaka Shinsaibashi_2312_018,beer1,beer1,150,432.47,606.86
Osaka Shinsaibashi_6541_019,beer1,beer1,49,751.2,1001.39
Osaka Shinsaibashi_6874_020,beer1,beer1,148,611.27,735.61
Osaka Shinsaibashi_3599_021,beer1,beer1,50,373.72,471.06
Osaka Shinsaibashi_9913_022,beer1,beer1,300,861.21,1077.31
Osaka Shinsaibashi_9297_023,beer1,beer1,145,521.87,654.57
Osaka Shinsaibashi_7248_017,beer1,beer1,200,614.4,854.77
Osaka Shinsaibashi_2312_018,beer1,beer1,150,432.47,606.86
Osaka Shinsaibashi_6541_019,beer1,beer1,49,751.2,1001.39
Osaka Shinsaibashi_6874_020,beer1,beer1,150,611.27,735.61
Osaka Shinsaibashi_3599_021,beer1,beer1,50,373.72,471.06
Osaka Shinsaibashi_9913_022,beer1,beer1,300,861.21,1077.31
Osaka Shinsaibashi_9297_023,beer1,beer1,145,521.87,654.57
Osaka Shinsaibashi_7248_017,beer1,beer1,200,614.4,854.77
Osaka Shinsaibashi_2312_018,beer1,beer1,150,432.47,606.86
Osaka Shinsaibashi_6541_019,beer1,beer1,49,751.2,1001.39
Osaka Shinsaibashi_6874_020,beer1,beer1,150,611.27,735.61
Osaka Shinsaibashi_3599_021,beer1,beer1,50,373.72,471.06
Osaka Shinsaibashi_9913_022,beer1,beer1,300,861.21,1077.31
Osaka Shinsaibashi_9297_023,beer1,beer1,147,521.87,654.57
Osaka Shinsaibashi_7248_017,beer1,beer1,200,614.4,854.77
Osaka Shinsaibashi_2312_018,beer1,beer1,150,432.47,606.86
Osaka Shinsaibashi_6541_019,beer1,beer1,49,751.2,1001.39
Osaka Shinsaibashi_6874_020,beer1,beer1,150,611.27,735.61
Osaka Shinsaibashi_3599_021,beer1,beer1,50,373.72,471.06
Osaka Shinsaibashi_9913_022,beer1,beer1,300,861.21,1077.31
Osaka Shinsaibashi_9297_023,beer1,beer1,148,521.87,654.57
Osaka Shinsaibashi_7248_017,beer1,beer1,200,614.4,854.77
Osaka Shinsaibashi_2312_018,beer1,beer1,150,432.47,606.86
Osaka Shinsaibashi_6541_019,beer1,beer1,49,751.2,1001.39
Osaka Shinsaibashi_6874_020,beer1,beer1,150,611.27,735.61
Osaka Shinsaibashi_3599_021,beer1,beer1,50,373.72,471.06
Osaka Shinsaibashi_9913_022,beer1,beer1,300,861.21,1077.31
Osaka Shinsaibashi_9297_023,beer1,beer1,145,521.87,654.57
Osaka Shinsaibashi_7248_017,beer1,beer1,200,614.4,854.77
Osaka Shinsaibashi_2312_018,beer1,beer1,150,432.47,606.86
Osaka Shinsaibashi_6541_019,beer1,beer1,49,751.2,1001.39
Osaka Shinsaibashi_6874_020,beer1,beer1,150,611.27,735.61
Osaka Shinsaibashi_3599_021,beer1,beer1,50,373.72,471.06
Osaka Shinsaibashi_9913_022,beer1,beer1,300,861.21,1077.31
Osaka Shinsaibashi_9297_023,beer1,beer1,137,521.87,654.57
Osaka Shinsaibashi_7248_017,beer1,beer1,200,614.4,854.77
Osaka Shinsaibashi_2312_018,beer1,beer1,148,432.47,606.86
Osaka Shinsaibashi_6541_019,beer1,beer1,49,751.2,1001.39
Osaka Shinsaibashi_6874_020,beer1,beer1,150,611.27,735.61
Osaka Shinsaibashi_3599_021,beer1,beer1,50,373.72,471.06
Osaka Shinsaibashi_9913_022,beer1,beer1,300,861.21,1077.31
Osaka Shinsaibashi_9297_023,beer1,beer1,143,521.87,654.57
Osaka Shinsaibashi_7248_017,beer1,beer1,200,614.4,854.77
Osaka Shinsaibashi_2312_018,beer1,beer1,150,432.47,606.86
Osaka Shinsaibashi_6541_019,beer1,beer1,49,751.2,1001.39
Osaka Shinsaibashi_6874_020,beer1,beer1,150,611.27,735.61
Osaka Shinsaibashi_3599_021,beer1,beer1,50,373.72,471.06
Osaka Shinsaibashi_9913_022,beer1,beer1,300,861.21,1077.31
Osaka Shinsaibashi_9297_023,beer1,beer1,143,521.87,654.57
Osaka Shinsaibashi_7248_017,beer1,beer1,200,614.4,854.77
Osaka Shinsaibashi_2312_018,beer1,beer1,150,432.47,606.86
Osaka Shinsaibashi_6541_019,beer1,beer1,50,751.2,1001.39
Osaka Shinsaibashi_6874_020,beer1,beer1,150,611.27,735.61
Osaka Shinsaibashi_3599_021,beer1,beer1,50,373.72,471.06
Osaka Shinsaibashi_9913_022,beer1,beer1,300,861.21,1077.31
Osaka Shinsaibashi_9297_023,beer1,beer1,145,521.87,654.57
Osaka Shinsaibashi_6632_024,beer2,beer2,38,625.34,820.1
Osaka Shinsaibashi_6353_025,beer2,beer2,295,443.22,573.67
Osaka Shinsaibashi_5600_026,beer2,beer2,96,114.72,141.2
Osaka Shinsaibashi_6632_024,beer2,beer2,0,625.34,820.1
Osaka Shinsaibashi_6353_025,beer2,beer2,0,443.22,573.67
Osaka Shinsaibashi_5600_026,beer2,beer2,0,114.72,141.2
Osaka Shinsaibashi_6632_024,beer2,beer2,0,625.34,820.1
Osaka Shinsaibashi_6353_025,beer2,beer2,0,443.22,573.67
Osaka Shinsaibashi_5600_026,beer2,beer2,0,114.72,141.2
Osaka Shinsaibashi_6632_024,beer2,beer2,0,625.34,820.1
Osaka Shinsaibashi_6353_025,beer2,beer2,0,443.22,573.67
Osaka Shinsaibashi_5600_026,beer2,beer2,0,114.72,141.2
Osaka Shinsaibashi_6632_024,beer2,beer2,0,625.34,820.1
Osaka Shinsaibashi_6353_025,beer2,beer2,0,443.22,573.67
Osaka Shinsaibashi_5600_026,beer2,beer2,0,114.72,141.2
Osaka Shinsaibashi_6632_024,beer2,beer2,0,625.34,820.1
Osaka Shinsaibashi_6353_025,beer2,beer2,0,443.22,573.67
Osaka Shinsaibashi_5600_026,beer2,beer2,0,114.72,141.2
Osaka Shinsaibashi_6632_024,beer2,beer2,18,625.34,820.1
Osaka Shinsaibashi_6353_025,beer2,beer2,122,443.22,573.67
Osaka Shinsaibashi_5600_026,beer2,beer2,31,114.72,141.2
Osaka Shinsaibashi_6632_024,beer2,beer2,23,625.34,820.1
Osaka Shinsaibashi_6353_025,beer2,beer2,161,443.22,573.67
Osaka Shinsaibashi_5600_026,beer2,beer2,53,114.72,141.2
Osaka Shinsaibashi_6632_024,beer2,beer2,29,625.34,820.1
Osaka Shinsaibashi_6353_025,beer2,beer2,208,443.22,573.67
Osaka Shinsaibashi_5600_026,beer2,beer2,81,114.72,141.2
Osaka Shinsaibashi_6632_024,beer2,beer2,48,625.34,820.1
Osaka Shinsaibashi_6353_025,beer2,beer2,295,443.22,573.67
Osaka Shinsaibashi_5600_026,beer2,beer2,100,114.72,141.2
Osaka Shinsaibashi_9795_034,beer3,beer3,200,494.52,689.58
Osaka Shinsaibashi_2290_035,beer3,beer3,300,415.44,522.52
Osaka Shinsaibashi_0914_036,beer3,beer3,150,901.02,1324.39
Osaka Shinsaibashi_8732_037,beer3,beer3,300,123.26,153.15
Osaka Shinsaibashi_3590_038,beer3,beer3,148,112.37,153.18
Osaka Shinsaibashi_6480_039,beer3,beer3,193,139.04,177.57
Osaka Shinsaibashi_9795_034,beer3,beer3,200,494.52,689.58
Osaka Shinsaibashi_2290_035,beer3,beer3,283,415.44,522.52
Osaka Shinsaibashi_0914_036,beer3,beer3,145,901.02,1324.39
Osaka Shinsaibashi_8732_037,beer3,beer3,300,123.26,153.15
Osaka Shinsaibashi_3590_038,beer3,beer3,148,112.37,153.18
Osaka Shinsaibashi_6480_039,beer3,beer3,191,139.04,177.57
Osaka Shinsaibashi_9795_034,beer3,beer3,200,494.52,689.58
Osaka Shinsaibashi_2290_035,beer3,beer3,283,415.44,522.52
Osaka Shinsaibashi_0914_036,beer3,beer3,148,901.02,1324.39
Osaka Shinsaibashi_8732_037,beer3,beer3,293,123.26,153.15
Osaka Shinsaibashi_3590_038,beer3,beer3,150,112.37,153.18
Osaka Shinsaibashi_6480_039,beer3,beer3,200,139.04,177.57
Osaka Shinsaibashi_9795_034,beer3,beer3,200,494.52,689.58
Osaka Shinsaibashi_2290_035,beer3,beer3,285,415.44,522.52
Osaka Shinsaibashi_0914_036,beer3,beer3,146,901.02,1324.39
Osaka Shinsaibashi_8732_037,beer3,beer3,293,123.26,153.15
Osaka Shinsaibashi_3590_038,beer3,beer3,150,112.37,153.18
Osaka Shinsaibashi_6480_039,beer3,beer3,200,139.04,177.57
Osaka Shinsaibashi_9795_034,beer3,beer3,200,494.52,689.58
Osaka Shinsaibashi_2290_035,beer3,beer3,292,415.44,522.52
Osaka Shinsaibashi_0914_036,beer3,beer3,150,901.02,1324.39
Osaka Shinsaibashi_8732_037,beer3,beer3,300,123.26,153.15
Osaka Shinsaibashi_3590_038,beer3,beer3,146,112.37,153.18
Osaka Shinsaibashi_6480_039,beer3,beer3,195,139.04,177.57
Osaka Shinsaibashi_9795_034,beer3,beer3,200,494.52,689.58
Osaka Shinsaibashi_2290_035,beer3,beer3,290,415.44,522.52
Osaka Shinsaibashi_0914_036,beer3,beer3,148,901.02,1324.39
Osaka Shinsaibashi_8732_037,beer3,beer3,297,123.26,153.15
Osaka Shinsaibashi_3590_038,beer3,beer3,148,112.37,153.18
Osaka Shinsaibashi_6480_039,beer3,beer3,191,139.04,177.57
Osaka Shinsaibashi_9795_034,beer3,beer3,200,494.52,689.58
Osaka Shinsaibashi_2290_035,beer3,beer3,292,415.44,522.52
Osaka Shinsaibashi_0914_036,beer3,beer3,150,901.02,1324.39
Osaka Shinsaibashi_8732_037,beer3,beer3,297,123.26,153.15
Osaka Shinsaibashi_3590_038,beer3,beer3,148,112.37,153.18
Osaka Shinsaibashi_6480_039,beer3,beer3,190,139.04,177.57
Osaka Shinsaibashi_9795_034,beer3,beer3,200,494.52,689.58
Osaka Shinsaibashi_2290_035,beer3,beer3,292,415.44,522.52
Osaka Shinsaibashi_0914_036,beer3,beer3,150,901.02,1324.39
Osaka Shinsaibashi_8732_037,beer3,beer3,300,123.26,153.15
Osaka Shinsaibashi_3590_038,beer3,beer3,150,112.37,153.18
Osaka Shinsaibashi_6480_039,beer3,beer3,195,139.04,177.57
Osaka Shinsaibashi_9795_034,beer3,beer3,200,494.52,689.58
Osaka Shinsaibashi_2290_035,beer3,beer3,292,415.44,522.52
Osaka Shinsaibashi_0914_036,beer3,beer3,148,901.02,1324.39
Osaka Shinsaibashi_8732_037,beer3,beer3,293,123.26,153.15
Osaka Shinsaibashi_3590_038,beer3,beer3,150,112.37,153.18
Osaka Shinsaibashi_6480_039,beer3,beer3,195,139.04,177.57
Osaka Shinsaibashi_9795_034,beer3,beer3,200,494.52,689.58
Osaka Shinsaibashi_2290_035,beer3,beer3,292,415.44,522.52
Osaka Shinsaibashi_0914_036,beer3,beer3,150,901.02,1324.39
Osaka Shinsaibashi_8732_037,beer3,beer3,293,123.26,153.15
Osaka Shinsaibashi_3590_038,beer3,beer3,150,112.37,153.18
Osaka Shinsaibashi_6480_039,beer3,beer3,200,139.04,177.57
Osaka Shinsaibashi_3024_040,beer4,beer4,200,919.95,1167.13
Osaka Shinsaibashi_0855_041,beer4,beer4,50,932.92,1177.2
Osaka Shinsaibashi_9193_042,beer4,beer4,100,359.76,525.03
Osaka Shinsaibashi_7691_043,beer4,beer4,150,374.22,522.95
Osaka Shinsaibashi_3825_044,beer4,beer4,50,374.48,515.11
Osaka Shinsaibashi_8713_045,beer4,beer4,99,504.45,704.9
Osaka Shinsaibashi_3024_040,beer4,beer4,198,919.95,1167.13
Osaka Shinsaibashi_0855_041,beer4,beer4,50,932.92,1177.2
Osaka Shinsaibashi_9193_042,beer4,beer4,100,359.76,525.03
Osaka Shinsaibashi_7691_043,beer4,beer4,150,374.22,522.95
Osaka Shinsaibashi_3825_044,beer4,beer4,50,374.48,515.11
Osaka Shinsaibashi_8713_045,beer4,beer4,99,504.45,704.9
Osaka Shinsaibashi_3024_040,beer4,beer4,200,919.95,1167.13
Osaka Shinsaibashi_0855_041,beer4,beer4,49,932.92,1177.2
Osaka Shinsaibashi_9193_042,beer4,beer4,100,359.76,525.03
Osaka Shinsaibashi_7691_043,beer4,beer4,150,374.22,522.95
Osaka Shinsaibashi_3825_044,beer4,beer4,50,374.48,515.11
Osaka Shinsaibashi_8713_045,beer4,beer4,99,504.45,704.9
Osaka Shinsaibashi_3024_040,beer4,beer4,200,919.95,1167.13
Osaka Shinsaibashi_0855_041,beer4,beer4,50,932.92,1177.2
Osaka Shinsaibashi_9193_042,beer4,beer4,100,359.76,525.03
Osaka Shinsaibashi_7691_043,beer4,beer4,150,374.22,522.95
Osaka Shinsaibashi_3825_044,beer4,beer4,50,374.48,515.11
Osaka Shinsaibashi_8713_045,beer4,beer4,100,504.45,704.9
Osaka Shinsaibashi_3024_040,beer4,beer4,200,919.95,1167.13
Osaka Shinsaibashi_0855_041,beer4,beer4,50,932.92,1177.2
Osaka Shinsaibashi_9193_042,beer4,beer4,100,359.76,525.03
Osaka Shinsaibashi_7691_043,beer4,beer4,150,374.22,522.95
Osaka Shinsaibashi_3825_044,beer4,beer4,50,374.48,515.11
Osaka Shinsaibashi_8713_045,beer4,beer4,99,504.45,704.9
Osaka Shinsaibashi_3024_040,beer4,beer4,200,919.95,1167.13
Osaka Shinsaibashi_0855_041,beer4,beer4,50,932.92,1177.2
Osaka Shinsaibashi_9193_042,beer4,beer4,100,359.76,525.03
Osaka Shinsaibashi_7691_043,beer4,beer4,150,374.22,522.95
Osaka Shinsaibashi_3825_044,beer4,beer4,50,374.48,515.11
Osaka Shinsaibashi_8713_045,beer4,beer4,100,504.45,704.9
Osaka Shinsaibashi_3024_040,beer4,beer4,200,919.95,1167.13
Osaka Shinsaibashi_0855_041,beer4,beer4,50,932.92,1177.2
Osaka Shinsaibashi_9193_042,beer4,beer4,100,359.76,525.03
Osaka Shinsaibashi_7691_043,beer4,beer4,150,374.22,522.95
Osaka Shinsaibashi_3825_044,beer4,beer4,50,374.48,515.11
Osaka Shinsaibashi_8713_045,beer4,beer4,99,504.45,704.9
Osaka Shinsaibashi_3024_040,beer4,beer4,200,919.95,1167.13
Osaka Shinsaibashi_0855_041,beer4,beer4,50,932.92,1177.2
Osaka Shinsaibashi_9193_042,beer4,beer4,100,359.76,525.03
Osaka Shinsaibashi_7691_043,beer4,beer4,150,374.22,522.95
Osaka Shinsaibashi_3825_044,beer4,beer4,50,374.48,515.11
Osaka Shinsaibashi_8713_045,beer4,beer4,100,504.45,704.9
Osaka Shinsaibashi_3024_040,beer4,beer4,200,919.95,1167.13
Osaka Shinsaibashi_0855_041,beer4,beer4,50,932.92,1177.2
Osaka Shinsaibashi_9193_042,beer4,beer4,100,359.76,525.03
Osaka Shinsaibashi_7691_043,beer4,beer4,150,374.22,522.95
Osaka Shinsaibashi_3825_044,beer4,beer4,50,374.48,515.11
Osaka Shinsaibashi_8713_045,beer4,beer4,99,504.45,704.9
Osaka Shinsaibashi_3024_040,beer4,beer4,200,919.95,1167.13
Osaka Shinsaibashi_0855_041,beer4,beer4,50,932.92,1177.2
Osaka Shinsaibashi_9193_042,beer4,beer4,100,359.76,525.03
Osaka Shinsaibashi_7691_043,beer4,beer4,150,374.22,522.95
Osaka Shinsaibashi_3825_044,beer4,beer4,49,374.48,515.11
Osaka Shinsaibashi_8713_045,beer4,beer4,99,504.45,704.9
Osaka Shinsaibashi_8090_046,beer5,beer5,300,832.05,1117.2
Osaka Shinsaibashi_1404_047,beer5,beer5,97,275.61,338.82
Osaka Shinsaibashi_9050_048,beer5,beer5,150,226.13,277.07
Osaka Shinsaibashi_2869_049,beer5,beer5,50,884.23,1307.42
Osaka Shinsaibashi_8068_050,beer5,beer5,49,642.43,856.35
Osaka Shinsaibashi_8090_046,beer5,beer5,300,832.05,1117.2
Osaka Shinsaibashi_1404_047,beer5,beer5,99,275.61,338.82
Osaka Shinsaibashi_9050_048,beer5,beer5,148,226.13,277.07
Osaka Shinsaibashi_2869_049,beer5,beer5,49,884.23,1307.42
Osaka Shinsaibashi_8068_050,beer5,beer5,49,642.43,856.35
Osaka Shinsaibashi_8090_046,beer5,beer5,297,832.05,1117.2
Osaka Shinsaibashi_1404_047,beer5,beer5,100,275.61,338.82
Osaka Shinsaibashi_9050_048,beer5,beer5,150,226.13,277.07
Osaka Shinsaibashi_2869_049,beer5,beer5,50,884.23,1307.42
Osaka Shinsaibashi_8068_050,beer5,beer5,49,642.43,856.35
Osaka Shinsaibashi_8090_046,beer5,beer5,300,832.05,1117.2
Osaka Shinsaibashi_1404_047,beer5,beer5,100,275.61,338.82
Osaka Shinsaibashi_9050_048,beer5,beer5,150,226.13,277.07
Osaka Shinsaibashi_2869_049,beer5,beer5,49,884.23,1307.42
Osaka Shinsaibashi_8068_050,beer5,beer5,50,642.43,856.35
Osaka Shinsaibashi_8090_046,beer5,beer5,300,832.05,1117.2
Osaka Shinsaibashi_1404_047,beer5,beer5,100,275.61,338.82
Osaka Shinsaibashi_9050_048,beer5,beer5,148,226.13,277.07
Osaka Shinsaibashi_2869_049,beer5,beer5,49,884.23,1307.42
Osaka Shinsaibashi_8068_050,beer5,beer5,49,642.43,856.35
Osaka Shinsaibashi_8090_046,beer5,beer5,297,832.05,1117.2
Osaka Shinsaibashi_1404_047,beer5,beer5,100,275.61,338.82
Osaka Shinsaibashi_9050_048,beer5,beer5,148,226.13,277.07
Osaka Shinsaibashi_2869_049,beer5,beer5,49,884.23,1307.42
Osaka Shinsaibashi_8068_050,beer5,beer5,50,642.43,856.35
Osaka Shinsaibashi_8090_046,beer5,beer5,297,832.05,1117.2
Osaka Shinsaibashi_1404_047,beer5,beer5,100,275.61,338.82
Osaka Shinsaibashi_9050_048,beer5,beer5,150,226.13,277.07
Osaka Shinsaibashi_2869_049,beer5,beer5,49,884.23,1307.42
Osaka Shinsaibashi_8068_050,beer5,beer5,49,642.43,856.35
Osaka Shinsaibashi_8090_046,beer5,beer5,297,832.05,1117.2
Osaka Shinsaibashi_1404_047,beer5,beer5,99,275.61,338.82
Osaka Shinsaibashi_9050_048,beer5,beer5,148,226.13,277.07
Osaka Shinsaibashi_2869_049,beer5,beer5,49,884.23,1307.42
Osaka Shinsaibashi_8068_050,beer5,beer5,49,642.43,856.35
Osaka Shinsaibashi_8090_046,beer5,beer5,300,832.05,1117.2
Osaka Shinsaibashi_1404_047,beer5,beer5,100,275.61,338.82
Osaka Shinsaibashi_9050_048,beer5,beer5,148,226.13,277.07
Osaka Shinsaibashi_2869_049,beer5,beer5,50,884.23,1307.42
Osaka Shinsaibashi_8068_050,beer5,beer5,49,642.43,856.35
Osaka Shinsaibashi_8090_046,beer5,beer5,295,832.05,1117.2
Osaka Shinsaibashi_1404_047,beer5,beer5,100,275.61,338.82
Osaka Shinsaibashi_9050_048,beer5,beer5,150,226.13,277.07
Osaka Shinsaibashi_2869_049,beer5,beer5,50,884.23,1307.42
Osaka Shinsaibashi_8068_050,beer5,beer5,50,642.43,856.35
Osaka Shinsaibashi_5735_065,beer6,beer6,190,465.59,581.13
Osaka Shinsaibashi_4106_066,beer6,beer6,150,62.06,74.49
Osaka Shinsaibashi_6318_067,beer6,beer6,197,401.97,516.03
Osaka Shinsaibashi_5735_065,beer6,beer6,190,465.59,581.13
Osaka Shinsaibashi_4106_066,beer6,beer6,150,62.06,74.49
Osaka Shinsaibashi_6318_067,beer6,beer6,200,401.97,516.03
Osaka Shinsaibashi_5735_065,beer6,beer6,190,465.59,581.13
Osaka Shinsaibashi_4106_066,beer6,beer6,150,62.06,74.49
Osaka Shinsaibashi_6318_067,beer6,beer6,200,401.97,516.03
Osaka Shinsaibashi_5735_065,beer6,beer6,195,465.59,581.13
Osaka Shinsaibashi_4106_066,beer6,beer6,150,62.06,74.49
Osaka Shinsaibashi_6318_067,beer6,beer6,200,401.97,516.03
Osaka Shinsaibashi_5735_065,beer6,beer6,195,465.59,581.13
Osaka Shinsaibashi_4106_066,beer6,beer6,150,62.06,74.49
Osaka Shinsaibashi_6318_067,beer6,beer6,200,401.97,516.03
Osaka Shinsaibashi_5735_065,beer6,beer6,193,465.59,581.13
Osaka Shinsaibashi_4106_066,beer6,beer6,150,62.06,74.49
Osaka Shinsaibashi_6318_067,beer6,beer6,200,401.97,516.03
Osaka Shinsaibashi_5735_065,beer6,beer6,193,465.59,581.13
Osaka Shinsaibashi_4106_066,beer6,beer6,150,62.06,74.49
Osaka Shinsaibashi_6318_067,beer6,beer6,200,401.97,516.03
Osaka Shinsaibashi_5735_065,beer6,beer6,200,465.59,581.13
Osaka Shinsaibashi_4106_066,beer6,beer6,150,62.06,74.49
Osaka Shinsaibashi_6318_067,beer6,beer6,200,401.97,516.03
Osaka Shinsaibashi_5735_065,beer6,beer6,195,465.59,581.13
Osaka Shinsaibashi_4106_066,beer6,beer6,150,62.06,74.49
Osaka Shinsaibashi_6318_067,beer6,beer6,197,401.97,516.03
Osaka Shinsaibashi_5735_065,beer6,beer6,193,465.59,581.13
Osaka Shinsaibashi_4106_066,beer6,beer6,150,62.06,74.49
Osaka Shinsaibashi_6318_067,beer6,beer6,200,401.97,516.03
Osaka Shinsaibashi_2314_001,big_cola,big_cola,100,840.53,1030.58
Osaka Shinsaibashi_9875_002,big_cola,big_cola,147,88.97,124.21
Osaka Shinsaibashi_1483_003,big_cola,big_cola,200,567.61,696.23
Osaka Shinsaibashi_3507_004,big_cola,big_cola,200,76.8,92.56
Osaka Shinsaibashi_8455_005,big_cola,big_cola,100,703.38,1024.33
Osaka Shinsaibashi_2314_001,big_cola,big_cola,95,840.53,1030.58
Osaka Shinsaibashi_9875_002,big_cola,big_cola,147,88.97,124.21
Osaka Shinsaibashi_1483_003,big_cola,big_cola,198,567.61,696.23
Osaka Shinsaibashi_3507_004,big_cola,big_cola,200,76.8,92.56
Osaka Shinsaibashi_8455_005,big_cola,big_cola,99,703.38,1024.33
Osaka Shinsaibashi_2314_001,big_cola,big_cola,97,840.53,1030.58
Osaka Shinsaibashi_9875_002,big_cola,big_cola,147,88.97,124.21
Osaka Shinsaibashi_1483_003,big_cola,big_cola,198,567.61,696.23
Osaka Shinsaibashi_3507_004,big_cola,big_cola,200,76.8,92.56
Osaka Shinsaibashi_8455_005,big_cola,big_cola,99,703.38,1024.33
Osaka Shinsaibashi_2314_001,big_cola,big_cola,97,840.53,1030.58
Osaka Shinsaibashi_9875_002,big_cola,big_cola,147,88.97,124.21
Osaka Shinsaibashi_1483_003,big_cola,big_cola,198,567.61,696.23
Osaka Shinsaibashi_3507_004,big_cola,big_cola,200,76.8,92.56
Osaka Shinsaibashi_8455_005,big_cola,big_cola,100,703.38,1024.33
Osaka Shinsaibashi_2314_001,big_cola,big_cola,97,840.53,1030.58
Osaka Shinsaibashi_9875_002,big_cola,big_cola,147,88.97,124.21
Osaka Shinsaibashi_1483_003,big_cola,big_cola,198,567.61,696.23
Osaka Shinsaibashi_3507_004,big_cola,big_cola,200,76.8,92.56
Osaka Shinsaibashi_8455_005,big_cola,big_cola,100,703.38,1024.33
Osaka Shinsaibashi_2314_001,big_cola,big_cola,97,840.53,1030.58
Osaka Shinsaibashi_9875_002,big_cola,big_cola,147,88.97,124.21
Osaka Shinsaibashi_1483_003,big_cola,big_cola,194,567.61,696.23
Osaka Shinsaibashi_3507_004,big_cola,big_cola,200,76.8,92.56
Osaka Shinsaibashi_8455_005,big_cola,big_cola,100,703.38,1024.33
Osaka Shinsaibashi_2314_001,big_cola,big_cola,99,840.53,1030.58
Osaka Shinsaibashi_9875_002,big_cola,big_cola,147,88.97,124.21
Osaka Shinsaibashi_1483_003,big_cola,big_cola,194,567.61,696.23
Osaka Shinsaibashi_3507_004,big_cola,big_cola,200,76.8,92.56
Osaka Shinsaibashi_8455_005,big_cola,big_cola,100,703.38,1024.33
Osaka Shinsaibashi_2314_001,big_cola,big_cola,100,840.53,1030.58
Osaka Shinsaibashi_9875_002,big_cola,big_cola,147,88.97,124.21
Osaka Shinsaibashi_1483_003,big_cola,big_cola,194,567.61,696.23
Osaka Shinsaibashi_3507_004,big_cola,big_cola,200,76.8,92.56
Osaka Shinsaibashi_8455_005,big_cola,big_cola,99,703.38,1024.33
Osaka Shinsaibashi_2314_001,big_cola,big_cola,99,840.53,1030.58
Osaka Shinsaibashi_9875_002,big_cola,big_cola,147,88.97,124.21
Osaka Shinsaibashi_1483_003,big_cola,big_cola,194,567.61,696.23
Osaka Shinsaibashi_3507_004,big_cola,big_cola,200,76.8,92.56
Osaka Shinsaibashi_8455_005,big_cola,big_cola,99,703.38,1024.33
Osaka Shinsaibashi_2314_001,big_cola,big_cola,99,840.53,1030.58
Osaka Shinsaibashi_9875_002,big_cola,big_cola,147,88.97,124.21
Osaka Shinsaibashi_1483_003,big_cola,big_cola,194,567.61,696.23
Osaka Shinsaibashi_3507_004,big_cola,big_cola,200,76.8,92.56
Osaka Shinsaibashi_8455_005,big_cola,big_cola,99,703.38,1024.33
Osaka Shinsaibashi_1082_069,coffee,coffee,97,304.01,446.37
Osaka Shinsaibashi_1082_069,coffee,coffee,81,304.01,446.37
Osaka Shinsaibashi_1082_069,coffee,coffee,79,304.01,446.37
Osaka Shinsaibashi_1082_069,coffee,coffee,98,304.01,446.37
Osaka Shinsaibashi_1082_069,coffee,coffee,93,304.01,446.37
Osaka Shinsaibashi_1082_069,coffee,coffee,100,304.01,446.37
Osaka Shinsaibashi_1082_069,coffee,coffee,99,304.01,446.37
Osaka Shinsaibashi_1082_069,coffee,coffee,98,304.01,446.37
Osaka Shinsaibashi_1082_069,coffee,coffee,96,304.01,446.37
Osaka Shinsaibashi_1082_069,coffee,coffee,98,304.01,446.37
Osaka Shinsaibashi_3822_015,cola,cola,50,834.53,1223.54
Osaka Shinsaibashi_8941_016,cola,cola,100,688.98,842.59
Osaka Shinsaibashi_3822_015,cola,cola,0,834.53,1223.54
Osaka Shinsaibashi_8941_016,cola,cola,0,688.98,842.59
Osaka Shinsaibashi_3822_015,cola,cola,0,834.53,1223.54
Osaka Shinsaibashi_8941_016,cola,cola,0,688.98,842.59
Osaka Shinsaibashi_3822_015,cola,cola,0,834.53,1223.54
Osaka Shinsaibashi_8941_016,cola,cola,0,688.98,842.59
Osaka Shinsaibashi_3822_015,cola,cola,47,834.53,1223.54
Osaka Shinsaibashi_8941_016,cola,cola,100,688.98,842.59
Osaka Shinsaibashi_3822_015,cola,cola,50,834.53,1223.54
Osaka Shinsaibashi_8941_016,cola,cola,100,688.98,842.59
Osaka Shinsaibashi_3822_015,cola,cola,49,834.53,1223.54
Osaka Shinsaibashi_8941_016,cola,cola,100,688.98,842.59
Osaka Shinsaibashi_3822_015,cola,cola,50,834.53,1223.54
Osaka Shinsaibashi_8941_016,cola,cola,100,688.98,842.59
Osaka Shinsaibashi_3822_015,cola,cola,48,834.53,1223.54
Osaka Shinsaibashi_8941_016,cola,cola,100,688.98,842.59
Osaka Shinsaibashi_3822_015,cola,cola,49,834.53,1223.54
Osaka Shinsaibashi_8941_016,cola,cola,100,688.98,842.59
Osaka Shinsaibashi_8456_030,cola_can1,cola_can1,261,692.84,920.9
Osaka Shinsaibashi_8306_031,cola_can1,cola_can1,97,589.94,713.25
Osaka Shinsaibashi_9254_032,cola_can1,cola_can1,50,850.31,1134.55
Osaka Shinsaibashi_7753_033,cola_can1,cola_can1,296,928.38,1160.49
Osaka Shinsaibashi_8456_030,cola_can1,cola_can1,295,692.84,920.9
Osaka Shinsaibashi_8306_031,cola_can1,cola_can1,100,589.94,713.25
Osaka Shinsaibashi_9254_032,cola_can1,cola_can1,49,850.31,1134.55
Osaka Shinsaibashi_7753_033,cola_can1,cola_can1,296,928.38,1160.49
Osaka Shinsaibashi_8456_030,cola_can1,cola_can1,295,692.84,920.9
Osaka Shinsaibashi_8306_031,cola_can1,cola_can1,100,589.94,713.25
Osaka Shinsaibashi_9254_032,cola_can1,cola_can1,49,850.31,1134.55
Osaka Shinsaibashi_7753_033,cola_can1,cola_can1,296,928.38,1160.49
Osaka Shinsaibashi_8456_030,cola_can1,cola_can1,290,692.84,920.9
Osaka Shinsaibashi_8306_031,cola_can1,cola_can1,98,589.94,713.25
Osaka Shinsaibashi_9254_032,cola_can1,cola_can1,49,850.31,1134.55
Osaka Shinsaibashi_7753_033,cola_can1,cola_can1,292,928.38,1160.49
Osaka Shinsaibashi_8456_030,cola_can1,cola_can1,295,692.84,920.9
Osaka Shinsaibashi_8306_031,cola_can1,cola_can1,100,589.94,713.25
Osaka Shinsaibashi_9254_032,cola_can1,cola_can1,50,850.31,1134.55
Osaka Shinsaibashi_7753_033,cola_can1,cola_can1,292,928.38,1160.49
Osaka Shinsaibashi_8456_030,cola_can1,cola_can1,290,692.84,920.9
Osaka Shinsaibashi_8306_031,cola_can1,cola_can1,98,589.94,713.25
Osaka Shinsaibashi_9254_032,cola_can1,cola_can1,49,850.31,1134.55
Osaka Shinsaibashi_7753_033,cola_can1,cola_can1,288,928.38,1160.49
Osaka Shinsaibashi_8456_030,cola_can1,cola_can1,290,692.84,920.9
Osaka Shinsaibashi_8306_031,cola_can1,cola_can1,98,589.94,713.25
Osaka Shinsaibashi_9254_032,cola_can1,cola_can1,49,850.31,1134.55
Osaka Shinsaibashi_7753_033,cola_can1,cola_can1,296,928.38,1160.49
Osaka Shinsaibashi_8456_030,cola_can1,cola_can1,295,692.84,920.9
Osaka Shinsaibashi_8306_031,cola_can1,cola_can1,100,589.94,713.25
Osaka Shinsaibashi_9254_032,cola_can1,cola_can1,50,850.31,1134.55
Osaka Shinsaibashi_7753_033,cola_can1,cola_can1,292,928.38,1160.49
Osaka Shinsaibashi_8456_030,cola_can1,cola_can1,295,692.84,920.9
Osaka Shinsaibashi_8306_031,cola_can1,cola_can1,100,589.94,713.25
Osaka Shinsaibashi_9254_032,cola_can1,cola_can1,50,850.31,1134.55
Osaka Shinsaibashi_7753_033,cola_can1,cola_can1,296,928.38,1160.49
Osaka Shinsaibashi_8456_030,cola_can1,cola_can1,295,692.84,920.9
Osaka Shinsaibashi_8306_031,cola_can1,cola_can1,100,589.94,713.25
Osaka Shinsaibashi_9254_032,cola_can1,cola_can1,49,850.31,1134.55
Osaka Shinsaibashi_7753_033,cola_can1,cola_can1,296,928.38,1160.49
Osaka Shinsaibashi_5372_051,cola_can2,cola_can2,296,463.69,639.8
Osaka Shinsaibashi_2081_052,cola_can2,cola_can2,146,68.65,89.61
Osaka Shinsaibashi_1938_053,cola_can2,cola_can2,97,711.73,873.25
Osaka Shinsaibashi_1719_054,cola_can2,cola_can2,197,885.03,1252.67
Osaka Shinsaibashi_2461_055,cola_can2,cola_can2,98,882.24,1064.57
Osaka Shinsaibashi_1947_056,cola_can2,cola_can2,49,75.48,113.08
Osaka Shinsaibashi_8798_057,cola_can2,cola_can2,192,871.01,1218.41
Osaka Shinsaibashi_2005_058,cola_can2,cola_can2,144,317.33,399.23
Osaka Shinsaibashi_5372_051,cola_can2,cola_can2,296,463.69,639.8
Osaka Shinsaibashi_2081_052,cola_can2,cola_can2,144,68.65,89.61
Osaka Shinsaibashi_1938_053,cola_can2,cola_can2,97,711.73,873.25
Osaka Shinsaibashi_1719_054,cola_can2,cola_can2,197,885.03,1252.67
Osaka Shinsaibashi_2461_055,cola_can2,cola_can2,96,882.24,1064.57
Osaka Shinsaibashi_1947_056,cola_can2,cola_can2,50,75.48,113.08
Osaka Shinsaibashi_8798_057,cola_can2,cola_can2,195,871.01,1218.41
Osaka Shinsaibashi_2005_058,cola_can2,cola_can2,146,317.33,399.23
Osaka Shinsaibashi_5372_051,cola_can2,cola_can2,296,463.69,639.8
Osaka Shinsaibashi_2081_052,cola_can2,cola_can2,148,68.65,89.61
Osaka Shinsaibashi_1938_053,cola_can2,cola_can2,97,711.73,873.25
Osaka Shinsaibashi_1719_054,cola_can2,cola_can2,197,885.03,1252.67
Osaka Shinsaibashi_2461_055,cola_can2,cola_can2,98,882.24,1064.57
Osaka Shinsaibashi_1947_056,cola_can2,cola_can2,48,75.48,113.08
Osaka Shinsaibashi_8798_057,cola_can2,cola_can2,190,871.01,1218.41
Osaka Shinsaibashi_2005_058,cola_can2,cola_can2,144,317.33,399.23
Osaka Shinsaibashi_5372_051,cola_can2,cola_can2,296,463.69,639.8
Osaka Shinsaibashi_2081_052,cola_can2,cola_can2,148,68.65,89.61
Osaka Shinsaibashi_1938_053,cola_can2,cola_can2,97,711.73,873.25
Osaka Shinsaibashi_1719_054,cola_can2,cola_can2,197,885.03,1252.67
Osaka Shinsaibashi_2461_055,cola_can2,cola_can2,98,882.24,1064.57
Osaka Shinsaibashi_1947_056,cola_can2,cola_can2,48,75.48,113.08
Osaka Shinsaibashi_8798_057,cola_can2,cola_can2,190,871.01,1218.41
Osaka Shinsaibashi_2005_058,cola_can2,cola_can2,144,317.33,399.23
Osaka Shinsaibashi_5372_051,cola_can2,cola_can2,296,463.69,639.8
Osaka Shinsaibashi_2081_052,cola_can2,cola_can2,146,68.65,89.61
Osaka Shinsaibashi_1938_053,cola_can2,cola_can2,97,711.73,873.25
Osaka Shinsaibashi_1719_054,cola_can2,cola_can2,200,885.03,1252.67
Osaka Shinsaibashi_2461_055,cola_can2,cola_can2,96,882.24,1064.57
Osaka Shinsaibashi_1947_056,cola_can2,cola_can2,49,75.48,113.08
Osaka Shinsaibashi_8798_057,cola_can2,cola_can2,192,871.01,1218.41
Osaka Shinsaibashi_2005_058,cola_can2,cola_can2,144,317.33,399.23
Osaka Shinsaibashi_5372_051,cola_can2,cola_can2,296,463.69,639.8
Osaka Shinsaibashi_2081_052,cola_can2,cola_can2,150,68.65,89.61
Osaka Shinsaibashi_1938_053,cola_can2,cola_can2,98,711.73,873.25
Osaka Shinsaibashi_1719_054,cola_can2,cola_can2,200,885.03,1252.67
Osaka Shinsaibashi_2461_055,cola_can2,cola_can2,100,882.24,1064.57
Osaka Shinsaibashi_1947_056,cola_can2,cola_can2,50,75.48,113.08
Osaka Shinsaibashi_8798_057,cola_can2,cola_can2,197,871.01,1218.41
Osaka Shinsaibashi_2005_058,cola_can2,cola_can2,145,317.33,399.23
Osaka Shinsaibashi_5372_051,cola_can2,cola_can2,296,463.69,639.8
Osaka Shinsaibashi_2081_052,cola_can2,cola_can2,150,68.65,89.61
Osaka Shinsaibashi_1938_053,cola_can2,cola_can2,98,711.73,873.25
Osaka Shinsaibashi_1719_054,cola_can2,cola_can2,200,885.03,1252.67
Osaka Shinsaibashi_2461_055,cola_can2,cola_can2,96,882.24,1064.57
Osaka Shinsaibashi_1947_056,cola_can2,cola_can2,50,75.48,113.08
Osaka Shinsaibashi_8798_057,cola_can2,cola_can2,197,871.01,1218.41
Osaka Shinsaibashi_2005_058,cola_can2,cola_can2,148,317.33,399.23
Osaka Shinsaibashi_5372_051,cola_can2,cola_can2,296,463.69,639.8
Osaka Shinsaibashi_2081_052,cola_can2,cola_can2,146,68.65,89.61
Osaka Shinsaibashi_1938_053,cola_can2,cola_can2,96,711.73,873.25
Osaka Shinsaibashi_1719_054,cola_can2,cola_can2,197,885.03,1252.67
Osaka Shinsaibashi_2461_055,cola_can2,cola_can2,96,882.24,1064.57
Osaka Shinsaibashi_1947_056,cola_can2,cola_can2,50,75.48,113.08
Osaka Shinsaibashi_8798_057,cola_can2,cola_can2,197,871.01,1218.41
Osaka Shinsaibashi_2005_058,cola_can2,cola_can2,146,317.33,399.23
Osaka Shinsaibashi_5372_051,cola_can2,cola_can2,296,463.69,639.8
Osaka Shinsaibashi_2081_052,cola_can2,cola_can2,148,68.65,89.61
Osaka Shinsaibashi_1938_053,cola_can2,cola_can2,97,711.73,873.25
Osaka Shinsaibashi_1719_054,cola_can2,cola_can2,200,885.03,1252.67
Osaka Shinsaibashi_2461_055,cola_can2,cola_can2,100,882.24,1064.57
Osaka Shinsaibashi_1947_056,cola_can2,cola_can2,50,75.48,113.08
Osaka Shinsaibashi_8798_057,cola_can2,cola_can2,200,871.01,1218.41
Osaka Shinsaibashi_2005_058,cola_can2,cola_can2,148,317.33,399.23
Osaka Shinsaibashi_5372_051,cola_can2,cola_can2,296,463.69,639.8
Osaka Shinsaibashi_2081_052,cola_can2,cola_can2,146,68.65,89.61
Osaka Shinsaibashi_1938_053,cola_can2,cola_can2,98,711.73,873.25
Osaka Shinsaibashi_1719_054,cola_can2,cola_can2,200,885.03,1252.67
Osaka Shinsaibashi_2461_055,cola_can2,cola_can2,98,882.24,1064.57
Osaka Shinsaibashi_1947_056,cola_can2,cola_can2,50,75.48,113.08
Osaka Shinsaibashi_8798_057,cola_can2,cola_can2,197,871.01,1218.41
Osaka Shinsaibashi_2005_058,cola_can2,cola_can2,150,317.33,399.23
Osaka Shinsaibashi_9750_090,combat,combat,200,786.5,1086.29
Osaka Shinsaibashi_9750_090,combat,combat,200,786.5,1086.29
Osaka Shinsaibashi_9750_090,combat,combat,200,786.5,1086.29
Osaka Shinsaibashi_9750_090,combat,combat,198,786.5,1086.29
Osaka Shinsaibashi_9750_090,combat,combat,200,786.5,1086.29
Osaka Shinsaibashi_9750_090,combat,combat,200,786.5,1086.29
Osaka Shinsaibashi_9750_090,combat,combat,198,786.5,1086.29
Osaka Shinsaibashi_9750_090,combat,combat,200,786.5,1086.29
Osaka Shinsaibashi_9750_090,combat,combat,200,786.5,1086.29
Osaka Shinsaibashi_9750_090,combat,combat,198,786.5,1086.29
Osaka Shinsaibashi_5019_078,cookie1,cookie1,49,730.87,928.22
Osaka Shinsaibashi_5019_078,cookie1,cookie1,49,730.87,928.22
Osaka Shinsaibashi_5019_078,cookie1,cookie1,49,730.87,928.22
Osaka Shinsaibashi_5019_078,cookie1,cookie1,49,730.87,928.22
Osaka Shinsaibashi_5019_078,cookie1,cookie1,50,730.87,928.22
Osaka Shinsaibashi_5019_078,cookie1,cookie1,49,730.87,928.22
Osaka Shinsaibashi_5019_078,cookie1,cookie1,49,730.87,928.22
Osaka Shinsaibashi_5019_078,cookie1,cookie1,50,730.87,928.22
Osaka Shinsaibashi_5019_078,cookie1,cookie1,50,730.87,928.22
Osaka Shinsaibashi_5019_078,cookie1,cookie1,49,730.87,928.22
Osaka Shinsaibashi_5293_079,cookie2,cookie2,50,775.82,1089
Osaka Shinsaibashi_5293_079,cookie2,cookie2,50,775.82,1089
Osaka Shinsaibashi_5293_079,cookie2,cookie2,50,775.82,1089
Osaka Shinsaibashi_5293_079,cookie2,cookie2,49,775.82,1089
Osaka Shinsaibashi_5293_079,cookie2,cookie2,50,775.82,1089
Osaka Shinsaibashi_5293_079,cookie2,cookie2,50,775.82,1089
Osaka Shinsaibashi_5293_079,cookie2,cookie2,50,775.82,1089
Osaka Shinsaibashi_5293_079,cookie2,cookie2,50,775.82,1089
Osaka Shinsaibashi_5293_079,cookie2,cookie2,50,775.82,1089
Osaka Shinsaibashi_5293_079,cookie2,cookie2,50,775.82,1089
Osaka Shinsaibashi_8082_080,cookie3,cookie3,100,440.84,635.98
Osaka Shinsaibashi_8082_080,cookie3,cookie3,100,440.84,635.98
Osaka Shinsaibashi_8082_080,cookie3,cookie3,100,440.84,635.98
Osaka Shinsaibashi_8082_080,cookie3,cookie3,100,440.84,635.98
Osaka Shinsaibashi_8082_080,cookie3,cookie3,100,440.84,635.98
Osaka Shinsaibashi_8082_080,cookie3,cookie3,100,440.84,635.98
Osaka Shinsaibashi_8082_080,cookie3,cookie3,100,440.84,635.98
Osaka Shinsaibashi_8082_080,cookie3,cookie3,100,440.84,635.98
Osaka Shinsaibashi_8082_080,cookie3,cookie3,100,440.84,635.98
Osaka Shinsaibashi_8082_080,cookie3,cookie3,100,440.84,635.98
Osaka Shinsaibashi_4200_081,cookie4,cookie4,300,543.87,745.61
Osaka Shinsaibashi_4200_081,cookie4,cookie4,300,543.87,745.61
Osaka Shinsaibashi_4200_081,cookie4,cookie4,300,543.87,745.61
Osaka Shinsaibashi_4200_081,cookie4,cookie4,300,543.87,745.61
Osaka Shinsaibashi_4200_081,cookie4,cookie4,300,543.87,745.61
Osaka Shinsaibashi_4200_081,cookie4,cookie4,300,543.87,745.61
Osaka Shinsaibashi_4200_081,cookie4,cookie4,300,543.87,745.61
Osaka Shinsaibashi_4200_081,cookie4,cookie4,300,543.87,745.61
Osaka Shinsaibashi_4200_081,cookie4,cookie4,300,543.87,745.61
Osaka Shinsaibashi_4200_081,cookie4,cookie4,300,543.87,745.61
Osaka Shinsaibashi_3898_082,cookie5,cookie5,150,335.23,474.94
Osaka Shinsaibashi_3898_082,cookie5,cookie5,150,335.23,474.94
Osaka Shinsaibashi_3898_082,cookie5,cookie5,150,335.23,474.94
Osaka Shinsaibashi_3898_082,cookie5,cookie5,150,335.23,474.94
Osaka Shinsaibashi_3898_082,cookie5,cookie5,150,335.23,474.94
Osaka Shinsaibashi_3898_082,cookie5,cookie5,150,335.23,474.94
Osaka Shinsaibashi_3898_082,cookie5,cookie5,150,335.23,474.94
Osaka Shinsaibashi_3898_082,cookie5,cookie5,148,335.23,474.94
Osaka Shinsaibashi_3898_082,cookie5,cookie5,150,335.23,474.94
Osaka Shinsaibashi_3898_082,cookie5,cookie5,150,335.23,474.94
Osaka Shinsaibashi_3174_083,cookie6,cookie6,50,680.67,860.47
Osaka Shinsaibashi_3174_083,cookie6,cookie6,50,680.67,860.47
Osaka Shinsaibashi_3174_083,cookie6,cookie6,48,680.67,860.47
Osaka Shinsaibashi_3174_083,cookie6,cookie6,50,680.67,860.47
Osaka Shinsaibashi_3174_083,cookie6,cookie6,49,680.67,860.47
Osaka Shinsaibashi_3174_083,cookie6,cookie6,50,680.67,860.47
Osaka Shinsaibashi_3174_083,cookie6,cookie6,50,680.67,860.47
Osaka Shinsaibashi_3174_083,cookie6,cookie6,50,680.67,860.47
Osaka Shinsaibashi_3174_083,cookie6,cookie6,50,680.67,860.47
Osaka Shinsaibashi_3174_083,cookie6,cookie6,50,680.67,860.47
Osaka Shinsaibashi_8516_084,cookie7,cookie7,300,741.18,1076.59
Osaka Shinsaibashi_8516_084,cookie7,cookie7,298,741.18,1076.59
Osaka Shinsaibashi_8516_084,cookie7,cookie7,300,741.18,1076.59
Osaka Shinsaibashi_8516_084,cookie7,cookie7,300,741.18,1076.59
Osaka Shinsaibashi_8516_084,cookie7,cookie7,300,741.18,1076.59
Osaka Shinsaibashi_8516_084,cookie7,cookie7,300,741.18,1076.59
Osaka Shinsaibashi_8516_084,cookie7,cookie7,300,741.18,1076.59
Osaka Shinsaibashi_8516_084,cookie7,cookie7,300,741.18,1076.59
Osaka Shinsaibashi_8516_084,cookie7,cookie7,300,741.18,1076.59
Osaka Shinsaibashi_8516_084,cookie7,cookie7,300,741.18,1076.59
Osaka Shinsaibashi_3650_085,croc,croc,141,225.09,296.5
Osaka Shinsaibashi_3902_086,croc,croc,300,308.66,417.35
Osaka Shinsaibashi_3650_085,croc,croc,150,225.09,296.5
Osaka Shinsaibashi_3902_086,croc,croc,288,308.66,417.35
Osaka Shinsaibashi_3650_085,croc,croc,145,225.09,296.5
Osaka Shinsaibashi_3902_086,croc,croc,284,308.66,417.35
Osaka Shinsaibashi_3650_085,croc,croc,141,225.09,296.5
Osaka Shinsaibashi_3902_086,croc,croc,288,308.66,417.35
Osaka Shinsaibashi_3650_085,croc,croc,150,225.09,296.5
Osaka Shinsaibashi_3902_086,croc,croc,288,308.66,417.35
Osaka Shinsaibashi_3650_085,croc,croc,145,225.09,296.5
Osaka Shinsaibashi_3902_086,croc,croc,295,308.66,417.35
Osaka Shinsaibashi_3650_085,croc,croc,147,225.09,296.5
Osaka Shinsaibashi_3902_086,croc,croc,300,308.66,417.35
Osaka Shinsaibashi_3650_085,croc,croc,150,225.09,296.5
Osaka Shinsaibashi_3902_086,croc,croc,295,308.66,417.35
Osaka Shinsaibashi_3650_085,croc,croc,141,225.09,296.5
Osaka Shinsaibashi_3902_086,croc,croc,300,308.66,417.35
Osaka Shinsaibashi_3650_085,croc,croc,145,225.09,296.5
Osaka Shinsaibashi_3902_086,croc,croc,295,308.66,417.35
Osaka Shinsaibashi_4346_087,dalli,dalli,148,390.93,484.34
Osaka Shinsaibashi_7292_088,dalli,dalli,100,76.59,95.28
Osaka Shinsaibashi_4346_087,dalli,dalli,150,390.93,484.34
Osaka Shinsaibashi_7292_088,dalli,dalli,98,76.59,95.28
Osaka Shinsaibashi_4346_087,dalli,dalli,148,390.93,484.34
Osaka Shinsaibashi_7292_088,dalli,dalli,100,76.59,95.28
Osaka Shinsaibashi_4346_087,dalli,dalli,150,390.93,484.34
Osaka Shinsaibashi_7292_088,dalli,dalli,98,76.59,95.28
Osaka Shinsaibashi_4346_087,dalli,dalli,150,390.93,484.34
Osaka Shinsaibashi_7292_088,dalli,dalli,100,76.59,95.28
Osaka Shinsaibashi_4346_087,dalli,dalli,150,390.93,484.34
Osaka Shinsaibashi_7292_088,dalli,dalli,98,76.59,95.28
Osaka Shinsaibashi_4346_087,dalli,dalli,148,390.93,484.34
Osaka Shinsaibashi_7292_088,dalli,dalli,100,76.59,95.28
Osaka Shinsaibashi_4346_087,dalli,dalli,150,390.93,484.34
Osaka Shinsaibashi_7292_088,dalli,dalli,99,76.59,95.28
Osaka Shinsaibashi_4346_087,dalli,dalli,148,390.93,484.34
Osaka Shinsaibashi_7292_088,dalli,dalli,100,76.59,95.28
Osaka Shinsaibashi_4346_087,dalli,dalli,148,390.93,484.34
Osaka Shinsaibashi_7292_088,dalli,dalli,98,76.59,95.28
Osaka Shinsaibashi_4666_068,imei,imei,100,168.34,244.73
Osaka Shinsaibashi_4666_068,imei,imei,98,168.34,244.73
Osaka Shinsaibashi_4666_068,imei,imei,98,168.34,244.73
Osaka Shinsaibashi_4666_068,imei,imei,100,168.34,244.73
Osaka Shinsaibashi_4666_068,imei,imei,100,168.34,244.73
Osaka Shinsaibashi_4666_068,imei,imei,100,168.34,244.73
Osaka Shinsaibashi_4666_068,imei,imei,100,168.34,244.73
Osaka Shinsaibashi_4666_068,imei,imei,100,168.34,244.73
Osaka Shinsaibashi_4666_068,imei,imei,100,168.34,244.73
Osaka Shinsaibashi_4666_068,imei,imei,100,168.34,244.73
Osaka Shinsaibashi_7618_070,noodle1,noodle1,178,629.47,877.38
Osaka Shinsaibashi_0553_071,noodle1,noodle1,91,70.42,99.7
Osaka Shinsaibashi_7618_070,noodle1,noodle1,4,629.47,877.38
Osaka Shinsaibashi_0553_071,noodle1,noodle1,0,70.42,99.7
Osaka Shinsaibashi_7618_070,noodle1,noodle1,2,629.47,877.38
Osaka Shinsaibashi_0553_071,noodle1,noodle1,97,70.42,99.7
Osaka Shinsaibashi_7618_070,noodle1,noodle1,197,629.47,877.38
Osaka Shinsaibashi_0553_071,noodle1,noodle1,98,70.42,99.7
Osaka Shinsaibashi_7618_070,noodle1,noodle1,200,629.47,877.38
Osaka Shinsaibashi_0553_071,noodle1,noodle1,98,70.42,99.7
Osaka Shinsaibashi_7618_070,noodle1,noodle1,200,629.47,877.38
Osaka Shinsaibashi_0553_071,noodle1,noodle1,97,70.42,99.7
Osaka Shinsaibashi_7618_070,noodle1,noodle1,200,629.47,877.38
Osaka Shinsaibashi_0553_071,noodle1,noodle1,98,70.42,99.7
Osaka Shinsaibashi_7618_070,noodle1,noodle1,197,629.47,877.38
Osaka Shinsaibashi_0553_071,noodle1,noodle1,100,70.42,99.7
Osaka Shinsaibashi_7618_070,noodle1,noodle1,200,629.47,877.38
Osaka Shinsaibashi_0553_071,noodle1,noodle1,98,70.42,99.7
Osaka Shinsaibashi_7618_070,noodle1,noodle1,200,629.47,877.38
Osaka Shinsaibashi_0553_071,noodle1,noodle1,98,70.42,99.7
Osaka Shinsaibashi_9620_072,noodle2,noodle2,94,999.93,1352.42
Osaka Shinsaibashi_3854_073,noodle2,noodle2,49,532.89,763.97
Osaka Shinsaibashi_9620_072,noodle2,noodle2,0,999.93,1352.42
Osaka Shinsaibashi_3854_073,noodle2,noodle2,49,532.89,763.97
Osaka Shinsaibashi_9620_072,noodle2,noodle2,98,999.93,1352.42
Osaka Shinsaibashi_3854_073,noodle2,noodle2,50,532.89,763.97
Osaka Shinsaibashi_9620_072,noodle2,noodle2,98,999.93,1352.42
Osaka Shinsaibashi_3854_073,noodle2,noodle2,48,532.89,763.97
Osaka Shinsaibashi_9620_072,noodle2,noodle2,97,999.93,1352.42
Osaka Shinsaibashi_3854_073,noodle2,noodle2,49,532.89,763.97
Osaka Shinsaibashi_9620_072,noodle2,noodle2,98,999.93,1352.42
Osaka Shinsaibashi_3854_073,noodle2,noodle2,49,532.89,763.97
Osaka Shinsaibashi_9620_072,noodle2,noodle2,98,999.93,1352.42
Osaka Shinsaibashi_3854_073,noodle2,noodle2,50,532.89,763.97
Osaka Shinsaibashi_9620_072,noodle2,noodle2,97,999.93,1352.42
Osaka Shinsaibashi_3854_073,noodle2,noodle2,49,532.89,763.97
Osaka Shinsaibashi_9620_072,noodle2,noodle2,98,999.93,1352.42
Osaka Shinsaibashi_3854_073,noodle2,noodle2,49,532.89,763.97
Osaka Shinsaibashi_9620_072,noodle2,noodle2,100,999.93,1352.42
Osaka Shinsaibashi_3854_073,noodle2,noodle2,50,532.89,763.97
Osaka Shinsaibashi_4097_074,noodle3,noodle3,97,897.11,1177.08
Osaka Shinsaibashi_3235_075,noodle3,noodle3,194,361.24,525.45
Osaka Shinsaibashi_4097_074,noodle3,noodle3,100,897.11,1177.08
Osaka Shinsaibashi_3235_075,noodle3,noodle3,191,361.24,525.45
Osaka Shinsaibashi_4097_074,noodle3,noodle3,98,897.11,1177.08
Osaka Shinsaibashi_3235_075,noodle3,noodle3,194,361.24,525.45
Osaka Shinsaibashi_4097_074,noodle3,noodle3,100,897.11,1177.08
Osaka Shinsaibashi_3235_075,noodle3,noodle3,194,361.24,525.45
Osaka Shinsaibashi_4097_074,noodle3,noodle3,100,897.11,1177.08
Osaka Shinsaibashi_3235_075,noodle3,noodle3,194,361.24,525.45
Osaka Shinsaibashi_4097_074,noodle3,noodle3,100,897.11,1177.08
Osaka Shinsaibashi_3235_075,noodle3,noodle3,197,361.24,525.45
Osaka Shinsaibashi_4097_074,noodle3,noodle3,100,897.11,1177.08
Osaka Shinsaibashi_3235_075,noodle3,noodle3,194,361.24,525.45
Osaka Shinsaibashi_4097_074,noodle3,noodle3,100,897.11,1177.08
Osaka Shinsaibashi_3235_075,noodle3,noodle3,194,361.24,525.45
Osaka Shinsaibashi_4097_074,noodle3,noodle3,100,897.11,1177.08
Osaka Shinsaibashi_3235_075,noodle3,noodle3,196,361.24,525.45
Osaka Shinsaibashi_4097_074,noodle3,noodle3,100,897.11,1177.08
Osaka Shinsaibashi_3235_075,noodle3,noodle3,197,361.24,525.45
Osaka Shinsaibashi_2221_076,noodle4,noodle4,145,595.57,870.51
Osaka Shinsaibashi_3335_077,noodle4,noodle4,148,766.19,1069.14
Osaka Shinsaibashi_2221_076,noodle4,noodle4,148,595.57,870.51
Osaka Shinsaibashi_3335_077,noodle4,noodle4,141,766.19,1069.14
Osaka Shinsaibashi_2221_076,noodle4,noodle4,150,595.57,870.51
Osaka Shinsaibashi_3335_077,noodle4,noodle4,143,766.19,1069.14
Osaka Shinsaibashi_2221_076,noodle4,noodle4,150,595.57,870.51
Osaka Shinsaibashi_3335_077,noodle4,noodle4,146,766.19,1069.14
Osaka Shinsaibashi_2221_076,noodle4,noodle4,148,595.57,870.51
Osaka Shinsaibashi_3335_077,noodle4,noodle4,143,766.19,1069.14
Osaka Shinsaibashi_2221_076,noodle4,noodle4,150,595.57,870.51
Osaka Shinsaibashi_3335_077,noodle4,noodle4,148,766.19,1069.14
Osaka Shinsaibashi_2221_076,noodle4,noodle4,150,595.57,870.51
Osaka Shinsaibashi_3335_077,noodle4,noodle4,145,766.19,1069.14
Osaka Shinsaibashi_2221_076,noodle4,noodle4,150,595.57,870.51
Osaka Shinsaibashi_3335_077,noodle4,noodle4,150,766.19,1069.14
Osaka Shinsaibashi_2221_076,noodle4,noodle4,150,595.57,870.51
Osaka Shinsaibashi_3335_077,noodle4,noodle4,148,766.19,1069.14
Osaka Shinsaibashi_2221_076,noodle4,noodle4,150,595.57,870.51
Osaka Shinsaibashi_3335_077,noodle4,noodle4,148,766.19,1069.14
Osaka Shinsaibashi_4813_091,paper,paper,143,113.18,144.14
Osaka Shinsaibashi_8208_092,paper,paper,200,803.6,1045.31
Osaka Shinsaibashi_4813_091,paper,paper,150,113.18,144.14
Osaka Shinsaibashi_8208_092,paper,paper,198,803.6,1045.31
Osaka Shinsaibashi_4813_091,paper,paper,146,113.18,144.14
Osaka Shinsaibashi_8208_092,paper,paper,200,803.6,1045.31
Osaka Shinsaibashi_4813_091,paper,paper,146,113.18,144.14
Osaka Shinsaibashi_8208_092,paper,paper,200,803.6,1045.31
Osaka Shinsaibashi_4813_091,paper,paper,146,113.18,144.14
Osaka Shinsaibashi_8208_092,paper,paper,200,803.6,1045.31
Osaka Shinsaibashi_4813_091,paper,paper,146,113.18,144.14
Osaka Shinsaibashi_8208_092,paper,paper,200,803.6,1045.31
Osaka Shinsaibashi_4813_091,paper,paper,143,113.18,144.14
Osaka Shinsaibashi_8208_092,paper,paper,200,803.6,1045.31
Osaka Shinsaibashi_4813_091,paper,paper,143,113.18,144.14
Osaka Shinsaibashi_8208_092,paper,paper,200,803.6,1045.31
Osaka Shinsaibashi_4813_091,paper,paper,146,113.18,144.14
Osaka Shinsaibashi_8208_092,paper,paper,200,803.6,1045.31
Osaka Shinsaibashi_4813_091,paper,paper,146,113.18,144.14
Osaka Shinsaibashi_8208_092,paper,paper,200,803.6,1045.31
Osaka Shinsaibashi_9887_006,pepsi,pepsi,100,527.46,730.43
Osaka Shinsaibashi_2625_007,pepsi,pepsi,99,966.7,1321.28
Osaka Shinsaibashi_0409_008,pepsi,pepsi,100,179.48,262.19
Osaka Shinsaibashi_8585_009,pepsi,pepsi,196,476.25,625.78
Osaka Shinsaibashi_0094_010,pepsi,pepsi,49,562.93,741.63
Osaka Shinsaibashi_0176_011,pepsi,pepsi,150,432.93,519.55
Osaka Shinsaibashi_4168_012,pepsi,pepsi,100,475.58,644.25
Osaka Shinsaibashi_9887_006,pepsi,pepsi,100,527.46,730.43
Osaka Shinsaibashi_2625_007,pepsi,pepsi,99,966.7,1321.28
Osaka Shinsaibashi_0409_008,pepsi,pepsi,99,179.48,262.19
Osaka Shinsaibashi_8585_009,pepsi,pepsi,196,476.25,625.78
Osaka Shinsaibashi_0094_010,pepsi,pepsi,49,562.93,741.63
Osaka Shinsaibashi_0176_011,pepsi,pepsi,148,432.93,519.55
Osaka Shinsaibashi_4168_012,pepsi,pepsi,99,475.58,644.25
Osaka Shinsaibashi_9887_006,pepsi,pepsi,99,527.46,730.43
Osaka Shinsaibashi_2625_007,pepsi,pepsi,99,966.7,1321.28
Osaka Shinsaibashi_0409_008,pepsi,pepsi,99,179.48,262.19
Osaka Shinsaibashi_8585_009,pepsi,pepsi,193,476.25,625.78
Osaka Shinsaibashi_0094_010,pepsi,pepsi,49,562.93,741.63
Osaka Shinsaibashi_0176_011,pepsi,pepsi,148,432.93,519.55
Osaka Shinsaibashi_4168_012,pepsi,pepsi,99,475.58,644.25
Osaka Shinsaibashi_9887_006,pepsi,pepsi,100,527.46,730.43
Osaka Shinsaibashi_2625_007,pepsi,pepsi,99,966.7,1321.28
Osaka Shinsaibashi_0409_008,pepsi,pepsi,100,179.48,262.19
Osaka Shinsaibashi_8585_009,pepsi,pepsi,200,476.25,625.78
Osaka Shinsaibashi_0094_010,pepsi,pepsi,49,562.93,741.63
Osaka Shinsaibashi_0176_011,pepsi,pepsi,148,432.93,519.55
Osaka Shinsaibashi_4168_012,pepsi,pepsi,99,475.58,644.25
Osaka Shinsaibashi_9887_006,pepsi,pepsi,100,527.46,730.43
Osaka Shinsaibashi_2625_007,pepsi,pepsi,99,966.7,1321.28
Osaka Shinsaibashi_0409_008,pepsi,pepsi,100,179.48,262.19
Osaka Shinsaibashi_8585_009,pepsi,pepsi,200,476.25,625.78
Osaka Shinsaibashi_0094_010,pepsi,pepsi,49,562.93,741.63
Osaka Shinsaibashi_0176_011,pepsi,pepsi,148,432.93,519.55
Osaka Shinsaibashi_4168_012,pepsi,pepsi,98,475.58,644.25
Osaka Shinsaibashi_9887_006,pepsi,pepsi,100,527.46,730.43
Osaka Shinsaibashi_2625_007,pepsi,pepsi,99,966.7,1321.28
Osaka Shinsaibashi_0409_008,pepsi,pepsi,100,179.48,262.19
Osaka Shinsaibashi_8585_009,pepsi,pepsi,200,476.25,625.78
Osaka Shinsaibashi_0094_010,pepsi,pepsi,49,562.93,741.63
Osaka Shinsaibashi_0176_011,pepsi,pepsi,148,432.93,519.55
Osaka Shinsaibashi_4168_012,pepsi,pepsi,99,475.58,644.25
Osaka Shinsaibashi_9887_006,pepsi,pepsi,100,527.46,730.43
Osaka Shinsaibashi_2625_007,pepsi,pepsi,99,966.7,1321.28
Osaka Shinsaibashi_0409_008,pepsi,pepsi,100,179.48,262.19
Osaka Shinsaibashi_8585_009,pepsi,pepsi,198,476.25,625.78
Osaka Shinsaibashi_0094_010,pepsi,pepsi,49,562.93,741.63
Osaka Shinsaibashi_0176_011,pepsi,pepsi,148,432.93,519.55
Osaka Shinsaibashi_4168_012,pepsi,pepsi,99,475.58,644.25
Osaka Shinsaibashi_9887_006,pepsi,pepsi,100,527.46,730.43
Osaka Shinsaibashi_2625_007,pepsi,pepsi,99,966.7,1321.28
Osaka Shinsaibashi_0409_008,pepsi,pepsi,100,179.48,262.19
Osaka Shinsaibashi_8585_009,pepsi,pepsi,200,476.25,625.78
Osaka Shinsaibashi_0094_010,pepsi,pepsi,49,562.93,741.63
Osaka Shinsaibashi_0176_011,pepsi,pepsi,150,432.93,519.55
Osaka Shinsaibashi_4168_012,pepsi,pepsi,100,475.58,644.25
Osaka Shinsaibashi_9887_006,pepsi,pepsi,100,527.46,730.43
Osaka Shinsaibashi_2625_007,pepsi,pepsi,99,966.7,1321.28
Osaka Shinsaibashi_0409_008,pepsi,pepsi,99,179.48,262.19
Osaka Shinsaibashi_8585_009,pepsi,pepsi,198,476.25,625.78
Osaka Shinsaibashi_0094_010,pepsi,pepsi,49,562.93,741.63
Osaka Shinsaibashi_0176_011,pepsi,pepsi,148,432.93,519.55
Osaka Shinsaibashi_4168_012,pepsi,pepsi,99,475.58,644.25
Osaka Shinsaibashi_9887_006,pepsi,pepsi,100,527.46,730.43
Osaka Shinsaibashi_2625_007,pepsi,pepsi,100,966.7,1321.28
Osaka Shinsaibashi_0409_008,pepsi,pepsi,100,179.48,262.19
Osaka Shinsaibashi_8585_009,pepsi,pepsi,200,476.25,625.78
Osaka Shinsaibashi_0094_010,pepsi,pepsi,50,562.93,741.63
Osaka Shinsaibashi_0176_011,pepsi,pepsi,148,432.93,519.55
Osaka Shinsaibashi_4168_012,pepsi,pepsi,100,475.58,644.25
Osaka Shinsaibashi_4064_089,raid,raid,97,151.09,185.31
Osaka Shinsaibashi_4064_089,raid,raid,98,151.09,185.31
Osaka Shinsaibashi_4064_089,raid,raid,100,151.09,185.31
Osaka Shinsaibashi_4064_089,raid,raid,98,151.09,185.31
Osaka Shinsaibashi_4064_089,raid,raid,97,151.09,185.31
Osaka Shinsaibashi_4064_089,raid,raid,100,151.09,185.31
Osaka Shinsaibashi_4064_089,raid,raid,97,151.09,185.31
Osaka Shinsaibashi_4064_089,raid,raid,100,151.09,185.31
Osaka Shinsaibashi_4064_089,raid,raid,98,151.09,185.31
Osaka Shinsaibashi_4064_089,raid,raid,98,151.09,185.31
Osaka Shinsaibashi_3758_094,soup,soup,297,995.73,1202.68
Osaka Shinsaibashi_3758_094,soup,soup,295,995.73,1202.68
Osaka Shinsaibashi_3758_094,soup,soup,297,995.73,1202.68
Osaka Shinsaibashi_3758_094,soup,soup,297,995.73,1202.68
Osaka Shinsaibashi_3758_094,soup,soup,295,995.73,1202.68
Osaka Shinsaibashi_3758_094,soup,soup,297,995.73,1202.68
Osaka Shinsaibashi_3758_094,soup,soup,300,995.73,1202.68
Osaka Shinsaibashi_3758_094,soup,soup,295,995.73,1202.68
Osaka Shinsaibashi_3758_094,soup,soup,297,995.73,1202.68
Osaka Shinsaibashi_3758_094,soup,soup,297,995.73,1202.68
Osaka Shinsaibashi_4609_013,sprite,sprite,148,215.47,264.82
Osaka Shinsaibashi_1777_014,sprite,sprite,97,681.11,886.75
Osaka Shinsaibashi_4609_013,sprite,sprite,0,215.47,264.82
Osaka Shinsaibashi_1777_014,sprite,sprite,0,681.11,886.75
Osaka Shinsaibashi_4609_013,sprite,sprite,3,215.47,264.82
Osaka Shinsaibashi_1777_014,sprite,sprite,0,681.11,886.75
Osaka Shinsaibashi_4609_013,sprite,sprite,0,215.47,264.82
Osaka Shinsaibashi_1777_014,sprite,sprite,0,681.11,886.75
Osaka Shinsaibashi_4609_013,sprite,sprite,3,215.47,264.82
Osaka Shinsaibashi_1777_014,sprite,sprite,4,681.11,886.75
Osaka Shinsaibashi_4609_013,sprite,sprite,148,215.47,264.82
Osaka Shinsaibashi_1777_014,sprite,sprite,100,681.11,886.75
Osaka Shinsaibashi_4609_013,sprite,sprite,145,215.47,264.82
Osaka Shinsaibashi_1777_014,sprite,sprite,100,681.11,886.75
Osaka Shinsaibashi_4609_013,sprite,sprite,148,215.47,264.82
Osaka Shinsaibashi_1777_014,sprite,sprite,100,681.11,886.75
Osaka Shinsaibashi_4609_013,sprite,sprite,145,215.47,264.82
Osaka Shinsaibashi_1777_014,sprite,sprite,100,681.11,886.75
Osaka Shinsaibashi_4609_013,sprite,sprite,148,215.47,264.82
Osaka Shinsaibashi_1777_014,sprite,sprite,100,681.11,886.75
Osaka Shinsaibashi_6518_027,sprite_can1,sprite_can1,147,527.72,729.09
Osaka Shinsaibashi_5252_028,sprite_can1,sprite_can1,50,771.35,1009.89
Osaka Shinsaibashi_8219_029,sprite_can1,sprite_can1,47,438.3,643.05
Osaka Shinsaibashi_6518_027,sprite_can1,sprite_can1,145,527.72,729.09
Osaka Shinsaibashi_5252_028,sprite_can1,sprite_can1,49,771.35,1009.89
Osaka Shinsaibashi_8219_029,sprite_can1,sprite_can1,49,438.3,643.05
Osaka Shinsaibashi_6518_027,sprite_can1,sprite_can1,145,527.72,729.09
Osaka Shinsaibashi_5252_028,sprite_can1,sprite_can1,50,771.35,1009.89
Osaka Shinsaibashi_8219_029,sprite_can1,sprite_can1,49,438.3,643.05
Osaka Shinsaibashi_6518_027,sprite_can1,sprite_can1,145,527.72,729.09
Osaka Shinsaibashi_5252_028,sprite_can1,sprite_can1,49,771.35,1009.89
Osaka Shinsaibashi_8219_029,sprite_can1,sprite_can1,49,438.3,643.05
Osaka Shinsaibashi_6518_027,sprite_can1,sprite_can1,143,527.72,729.09
Osaka Shinsaibashi_5252_028,sprite_can1,sprite_can1,49,771.35,1009.89
Osaka Shinsaibashi_8219_029,sprite_can1,sprite_can1,49,438.3,643.05
Osaka Shinsaibashi_6518_027,sprite_can1,sprite_can1,145,527.72,729.09
Osaka Shinsaibashi_5252_028,sprite_can1,sprite_can1,49,771.35,1009.89
Osaka Shinsaibashi_8219_029,sprite_can1,sprite_can1,49,438.3,643.05
Osaka Shinsaibashi_6518_027,sprite_can1,sprite_can1,145,527.72,729.09
Osaka Shinsaibashi_5252_028,sprite_can1,sprite_can1,49,771.35,1009.89
Osaka Shinsaibashi_8219_029,sprite_can1,sprite_can1,49,438.3,643.05
Osaka Shinsaibashi_6518_027,sprite_can1,sprite_can1,145,527.72,729.09
Osaka Shinsaibashi_5252_028,sprite_can1,sprite_can1,50,771.35,1009.89
Osaka Shinsaibashi_8219_029,sprite_can1,sprite_can1,49,438.3,643.05
Osaka Shinsaibashi_6518_027,sprite_can1,sprite_can1,145,527.72,729.09
Osaka Shinsaibashi_5252_028,sprite_can1,sprite_can1,49,771.35,1009.89
Osaka Shinsaibashi_8219_029,sprite_can1,sprite_can1,49,438.3,643.05
Osaka Shinsaibashi_6518_027,sprite_can1,sprite_can1,150,527.72,729.09
Osaka Shinsaibashi_5252_028,sprite_can1,sprite_can1,49,771.35,1009.89
Osaka Shinsaibashi_8219_029,sprite_can1,sprite_can1,50,438.3,643.05
Osaka Shinsaibashi_7282_059,sprite_can2,sprite_can2,292,821.4,1079.82
Osaka Shinsaibashi_9495_060,sprite_can2,sprite_can2,48,798.17,1042.31
Osaka Shinsaibashi_9703_061,sprite_can2,sprite_can2,300,885.8,1317.92
Osaka Shinsaibashi_0317_062,sprite_can2,sprite_can2,50,456.62,556.1
Osaka Shinsaibashi_8446_063,sprite_can2,sprite_can2,296,749.17,1064.8
Osaka Shinsaibashi_3862_064,sprite_can2,sprite_can2,195,421.57,552.98
Osaka Shinsaibashi_7282_059,sprite_can2,sprite_can2,300,821.4,1079.82
Osaka Shinsaibashi_9495_060,sprite_can2,sprite_can2,50,798.17,1042.31
Osaka Shinsaibashi_9703_061,sprite_can2,sprite_can2,300,885.8,1317.92
Osaka Shinsaibashi_0317_062,sprite_can2,sprite_can2,48,456.62,556.1
Osaka Shinsaibashi_8446_063,sprite_can2,sprite_can2,292,749.17,1064.8
Osaka Shinsaibashi_3862_064,sprite_can2,sprite_can2,192,421.57,552.98
Osaka Shinsaibashi_7282_059,sprite_can2,sprite_can2,292,821.4,1079.82
Osaka Shinsaibashi_9495_060,sprite_can2,sprite_can2,49,798.17,1042.31
Osaka Shinsaibashi_9703_061,sprite_can2,sprite_can2,300,885.8,1317.92
Osaka Shinsaibashi_0317_062,sprite_can2,sprite_can2,50,456.62,556.1
Osaka Shinsaibashi_8446_063,sprite_can2,sprite_can2,296,749.17,1064.8
Osaka Shinsaibashi_3862_064,sprite_can2,sprite_can2,197,421.57,552.98
Osaka Shinsaibashi_7282_059,sprite_can2,sprite_can2,292,821.4,1079.82
Osaka Shinsaibashi_9495_060,sprite_can2,sprite_can2,48,798.17,1042.31
Osaka Shinsaibashi_9703_061,sprite_can2,sprite_can2,296,885.8,1317.92
Osaka Shinsaibashi_0317_062,sprite_can2,sprite_can2,48,456.62,556.1
Osaka Shinsaibashi_8446_063,sprite_can2,sprite_can2,296,749.17,1064.8
Osaka Shinsaibashi_3862_064,sprite_can2,sprite_can2,197,421.57,552.98
Osaka Shinsaibashi_7282_059,sprite_can2,sprite_can2,292,821.4,1079.82
Osaka Shinsaibashi_9495_060,sprite_can2,sprite_can2,49,798.17,1042.31
Osaka Shinsaibashi_9703_061,sprite_can2,sprite_can2,300,885.8,1317.92
Osaka Shinsaibashi_0317_062,sprite_can2,sprite_can2,50,456.62,556.1
Osaka Shinsaibashi_8446_063,sprite_can2,sprite_can2,296,749.17,1064.8
Osaka Shinsaibashi_3862_064,sprite_can2,sprite_can2,195,421.57,552.98
Osaka Shinsaibashi_7282_059,sprite_can2,sprite_can2,296,821.4,1079.82
Osaka Shinsaibashi_9495_060,sprite_can2,sprite_can2,49,798.17,1042.31
Osaka Shinsaibashi_9703_061,sprite_can2,sprite_can2,300,885.8,1317.92
Osaka Shinsaibashi_0317_062,sprite_can2,sprite_can2,50,456.62,556.1
Osaka Shinsaibashi_8446_063,sprite_can2,sprite_can2,296,749.17,1064.8
Osaka Shinsaibashi_3862_064,sprite_can2,sprite_can2,200,421.57,552.98
Osaka Shinsaibashi_7282_059,sprite_can2,sprite_can2,296,821.4,1079.82
Osaka Shinsaibashi_9495_060,sprite_can2,sprite_can2,48,798.17,1042.31
Osaka Shinsaibashi_9703_061,sprite_can2,sprite_can2,296,885.8,1317.92
Osaka Shinsaibashi_0317_062,sprite_can2,sprite_can2,50,456.62,556.1
Osaka Shinsaibashi_8446_063,sprite_can2,sprite_can2,296,749.17,1064.8
Osaka Shinsaibashi_3862_064,sprite_can2,sprite_can2,197,421.57,552.98
Osaka Shinsaibashi_7282_059,sprite_can2,sprite_can2,292,821.4,1079.82
Osaka Shinsaibashi_9495_060,sprite_can2,sprite_can2,48,798.17,1042.31
Osaka Shinsaibashi_9703_061,sprite_can2,sprite_can2,296,885.8,1317.92
Osaka Shinsaibashi_0317_062,sprite_can2,sprite_can2,50,456.62,556.1
Osaka Shinsaibashi_8446_063,sprite_can2,sprite_can2,296,749.17,1064.8
Osaka Shinsaibashi_3862_064,sprite_can2,sprite_can2,200,421.57,552.98
Osaka Shinsaibashi_7282_059,sprite_can2,sprite_can2,296,821.4,1079.82
Osaka Shinsaibashi_9495_060,sprite_can2,sprite_can2,49,798.17,1042.31
Osaka Shinsaibashi_9703_061,sprite_can2,sprite_can2,300,885.8,1317.92
Osaka Shinsaibashi_0317_062,sprite_can2,sprite_can2,50,456.62,556.1
Osaka Shinsaibashi_8446_063,sprite_can2,sprite_can2,296,749.17,1064.8
Osaka Shinsaibashi_3862_064,sprite_can2,sprite_can2,200,421.57,552.98
Osaka Shinsaibashi_7282_059,sprite_can2,sprite_can2,300,821.4,1079.82
Osaka Shinsaibashi_9495_060,sprite_can2,sprite_can2,50,798.17,1042.31
Osaka Shinsaibashi_9703_061,sprite_can2,sprite_can2,300,885.8,1317.92
Osaka Shinsaibashi_0317_062,sprite_can2,sprite_can2,50,456.62,556.1
Osaka Shinsaibashi_8446_063,sprite_can2,sprite_can2,296,749.17,1064.8
Osaka Shinsaibashi_3862_064,sprite_can2,sprite_can2,197,421.57,552.98
Osaka Shinsaibashi_1340_093,tomato,tomato,49,885.28,1159.96
Osaka Shinsaibashi_1340_093,tomato,tomato,49,885.28,1159.96
Osaka Shinsaibashi_1340_093,tomato,tomato,49,885.28,1159.96
Osaka Shinsaibashi_1340_093,tomato,tomato,48,885.28,1159.96
Osaka Shinsaibashi_1340_093,tomato,tomato,49,885.28,1159.96
Osaka Shinsaibashi_1340_093,tomato,tomato,48,885.28,1159.96
Osaka Shinsaibashi_1340_093,tomato,tomato,48,885.28,1159.96
Osaka Shinsaibashi_1340_093,tomato,tomato,48,885.28,1159.96
Osaka Shinsaibashi_1340_093,tomato,tomato,48,885.28,1159.96
Osaka Shinsaibashi_1340_093,tomato,tomato,50,885.28,1159.96
