ProductID,ProductName,Category,Stock,UnitPrice,RetailPrice,MaxCapacity,ShelfPosition
USI_NG_LAB_0713_017,beer1,beer1,49,152.02,208.21,50,A1-S7
USI_NG_LAB_1724_018,beer1,beer1,99,770.67,1093.31,100,A1-S8
USI_NG_LAB_0876_019,beer1,beer1,99,336.56,504.11,100,A1-S9
USI_NG_LAB_9972_020,beer1,beer1,100,426.21,537.84,100,A2-S0
USI_NG_LAB_3813_021,beer1,beer1,198,685.09,835.64,200,A2-S1
USI_NG_LAB_8362_022,beer1,beer1,50,260.34,325.4,50,A2-S2
USI_NG_LAB_4603_023,beer1,beer1,145,458.01,567.11,150,A2-S3
USI_NG_LAB_0713_017,beer1,beer1,50,152.02,208.21,50,A1-S7
USI_NG_LAB_1724_018,beer1,beer1,100,770.67,1093.31,100,A1-S8
USI_NG_LAB_0876_019,beer1,beer1,98,336.56,504.11,100,A1-S9
USI_NG_LAB_9972_020,beer1,beer1,99,426.21,537.84,100,A2-S0
USI_NG_LAB_3813_021,beer1,beer1,200,685.09,835.64,200,A2-S1
USI_NG_LAB_8362_022,beer1,beer1,50,260.34,325.4,50,A2-S2
USI_NG_LAB_4603_023,beer1,beer1,145,458.01,567.11,150,A2-S3
USI_NG_LAB_0713_017,beer1,beer1,50,152.02,208.21,50,A1-S7
USI_NG_LAB_1724_018,beer1,beer1,100,770.67,1093.31,100,A1-S8
USI_NG_LAB_0876_019,beer1,beer1,99,336.56,504.11,100,A1-S9
USI_NG_LAB_9972_020,beer1,beer1,100,426.21,537.84,100,A2-S0
USI_NG_LAB_3813_021,beer1,beer1,200,685.09,835.64,200,A2-S1
USI_NG_LAB_8362_022,beer1,beer1,50,260.34,325.4,50,A2-S2
USI_NG_LAB_4603_023,beer1,beer1,145,458.01,567.11,150,A2-S3
USI_NG_LAB_0713_017,beer1,beer1,50,152.02,208.21,50,A1-S7
USI_NG_LAB_1724_018,beer1,beer1,100,770.67,1093.31,100,A1-S8
USI_NG_LAB_0876_019,beer1,beer1,99,336.56,504.11,100,A1-S9
USI_NG_LAB_9972_020,beer1,beer1,100,426.21,537.84,100,A2-S0
USI_NG_LAB_3813_021,beer1,beer1,200,685.09,835.64,200,A2-S1
USI_NG_LAB_8362_022,beer1,beer1,50,260.34,325.4,50,A2-S2
USI_NG_LAB_4603_023,beer1,beer1,147,458.01,567.11,150,A2-S3
USI_NG_LAB_0713_017,beer1,beer1,50,152.02,208.21,50,A1-S7
USI_NG_LAB_1724_018,beer1,beer1,100,770.67,1093.31,100,A1-S8
USI_NG_LAB_0876_019,beer1,beer1,99,336.56,504.11,100,A1-S9
USI_NG_LAB_9972_020,beer1,beer1,100,426.21,537.84,100,A2-S0
USI_NG_LAB_3813_021,beer1,beer1,200,685.09,835.64,200,A2-S1
USI_NG_LAB_8362_022,beer1,beer1,50,260.34,325.4,50,A2-S2
USI_NG_LAB_4603_023,beer1,beer1,148,458.01,567.11,150,A2-S3
USI_NG_LAB_0713_017,beer1,beer1,50,152.02,208.21,50,A1-S7
USI_NG_LAB_1724_018,beer1,beer1,100,770.67,1093.31,100,A1-S8
USI_NG_LAB_0876_019,beer1,beer1,99,336.56,504.11,100,A1-S9
USI_NG_LAB_9972_020,beer1,beer1,100,426.21,537.84,100,A2-S0
USI_NG_LAB_3813_021,beer1,beer1,200,685.09,835.64,200,A2-S1
USI_NG_LAB_8362_022,beer1,beer1,50,260.34,325.4,50,A2-S2
USI_NG_LAB_4603_023,beer1,beer1,145,458.01,567.11,150,A2-S3
USI_NG_LAB_0713_017,beer1,beer1,50,152.02,208.21,50,A1-S7
USI_NG_LAB_1724_018,beer1,beer1,100,770.67,1093.31,100,A1-S8
USI_NG_LAB_0876_019,beer1,beer1,99,336.56,504.11,100,A1-S9
USI_NG_LAB_9972_020,beer1,beer1,100,426.21,537.84,100,A2-S0
USI_NG_LAB_3813_021,beer1,beer1,200,685.09,835.64,200,A2-S1
USI_NG_LAB_8362_022,beer1,beer1,50,260.34,325.4,50,A2-S2
USI_NG_LAB_4603_023,beer1,beer1,137,458.01,567.11,150,A2-S3
USI_NG_LAB_0713_017,beer1,beer1,50,152.02,208.21,50,A1-S7
USI_NG_LAB_1724_018,beer1,beer1,99,770.67,1093.31,100,A1-S8
USI_NG_LAB_0876_019,beer1,beer1,99,336.56,504.11,100,A1-S9
USI_NG_LAB_9972_020,beer1,beer1,100,426.21,537.84,100,A2-S0
USI_NG_LAB_3813_021,beer1,beer1,200,685.09,835.64,200,A2-S1
USI_NG_LAB_8362_022,beer1,beer1,50,260.34,325.4,50,A2-S2
USI_NG_LAB_4603_023,beer1,beer1,143,458.01,567.11,150,A2-S3
USI_NG_LAB_0713_017,beer1,beer1,50,152.02,208.21,50,A1-S7
USI_NG_LAB_1724_018,beer1,beer1,100,770.67,1093.31,100,A1-S8
USI_NG_LAB_0876_019,beer1,beer1,99,336.56,504.11,100,A1-S9
USI_NG_LAB_9972_020,beer1,beer1,100,426.21,537.84,100,A2-S0
USI_NG_LAB_3813_021,beer1,beer1,200,685.09,835.64,200,A2-S1
USI_NG_LAB_8362_022,beer1,beer1,50,260.34,325.4,50,A2-S2
USI_NG_LAB_4603_023,beer1,beer1,143,458.01,567.11,150,A2-S3
USI_NG_LAB_0713_017,beer1,beer1,50,152.02,208.21,50,A1-S7
USI_NG_LAB_1724_018,beer1,beer1,100,770.67,1093.31,100,A1-S8
USI_NG_LAB_0876_019,beer1,beer1,100,336.56,504.11,100,A1-S9
USI_NG_LAB_9972_020,beer1,beer1,100,426.21,537.84,100,A2-S0
USI_NG_LAB_3813_021,beer1,beer1,200,685.09,835.64,200,A2-S1
USI_NG_LAB_8362_022,beer1,beer1,50,260.34,325.4,50,A2-S2
USI_NG_LAB_4603_023,beer1,beer1,145,458.01,567.11,150,A2-S3
USI_NG_LAB_5352_024,beer2,beer2,116,154.58,230.27,150,A2-S4
USI_NG_LAB_3474_025,beer2,beer2,197,213.53,266.88,200,A2-S5
USI_NG_LAB_4110_026,beer2,beer2,48,648.22,936.57,50,A2-S6
USI_NG_LAB_5352_024,beer2,beer2,0,154.58,230.27,150,A2-S4
USI_NG_LAB_3474_025,beer2,beer2,0,213.53,266.88,200,A2-S5
USI_NG_LAB_4110_026,beer2,beer2,0,648.22,936.57,50,A2-S6
USI_NG_LAB_5352_024,beer2,beer2,0,154.58,230.27,150,A2-S4
USI_NG_LAB_3474_025,beer2,beer2,0,213.53,266.88,200,A2-S5
USI_NG_LAB_4110_026,beer2,beer2,0,648.22,936.57,50,A2-S6
USI_NG_LAB_5352_024,beer2,beer2,0,154.58,230.27,150,A2-S4
USI_NG_LAB_3474_025,beer2,beer2,0,213.53,266.88,200,A2-S5
USI_NG_LAB_4110_026,beer2,beer2,0,648.22,936.57,50,A2-S6
USI_NG_LAB_5352_024,beer2,beer2,0,154.58,230.27,150,A2-S4
USI_NG_LAB_3474_025,beer2,beer2,0,213.53,266.88,200,A2-S5
USI_NG_LAB_4110_026,beer2,beer2,0,648.22,936.57,50,A2-S6
USI_NG_LAB_5352_024,beer2,beer2,0,154.58,230.27,150,A2-S4
USI_NG_LAB_3474_025,beer2,beer2,0,213.53,266.88,200,A2-S5
USI_NG_LAB_4110_026,beer2,beer2,0,648.22,936.57,50,A2-S6
USI_NG_LAB_5352_024,beer2,beer2,56,154.58,230.27,150,A2-S4
USI_NG_LAB_3474_025,beer2,beer2,81,213.53,266.88,200,A2-S5
USI_NG_LAB_4110_026,beer2,beer2,15,648.22,936.57,50,A2-S6
USI_NG_LAB_5352_024,beer2,beer2,69,154.58,230.27,150,A2-S4
USI_NG_LAB_3474_025,beer2,beer2,107,213.53,266.88,200,A2-S5
USI_NG_LAB_4110_026,beer2,beer2,26,648.22,936.57,50,A2-S6
USI_NG_LAB_5352_024,beer2,beer2,87,154.58,230.27,150,A2-S4
USI_NG_LAB_3474_025,beer2,beer2,138,213.53,266.88,200,A2-S5
USI_NG_LAB_4110_026,beer2,beer2,40,648.22,936.57,50,A2-S6
USI_NG_LAB_5352_024,beer2,beer2,145,154.58,230.27,150,A2-S4
USI_NG_LAB_3474_025,beer2,beer2,197,213.53,266.88,200,A2-S5
USI_NG_LAB_4110_026,beer2,beer2,50,648.22,936.57,50,A2-S6
USI_NG_LAB_4379_034,beer3,beer3,300,941.36,1260.25,300,A3-S4
USI_NG_LAB_7926_035,beer3,beer3,200,779.03,1084.66,200,A3-S5
USI_NG_LAB_9517_036,beer3,beer3,300,356.72,497.68,300,A3-S6
USI_NG_LAB_0745_037,beer3,beer3,100,319.23,443.44,100,A3-S7
USI_NG_LAB_1492_038,beer3,beer3,198,195.57,243.82,200,A3-S8
USI_NG_LAB_3292_039,beer3,beer3,290,906.49,1316.73,300,A3-S9
USI_NG_LAB_4379_034,beer3,beer3,300,941.36,1260.25,300,A3-S4
USI_NG_LAB_7926_035,beer3,beer3,188,779.03,1084.66,200,A3-S5
USI_NG_LAB_9517_036,beer3,beer3,290,356.72,497.68,300,A3-S6
USI_NG_LAB_0745_037,beer3,beer3,100,319.23,443.44,100,A3-S7
USI_NG_LAB_1492_038,beer3,beer3,198,195.57,243.82,200,A3-S8
USI_NG_LAB_3292_039,beer3,beer3,287,906.49,1316.73,300,A3-S9
USI_NG_LAB_4379_034,beer3,beer3,300,941.36,1260.25,300,A3-S4
USI_NG_LAB_7926_035,beer3,beer3,188,779.03,1084.66,200,A3-S5
USI_NG_LAB_9517_036,beer3,beer3,297,356.72,497.68,300,A3-S6
USI_NG_LAB_0745_037,beer3,beer3,97,319.23,443.44,100,A3-S7
USI_NG_LAB_1492_038,beer3,beer3,200,195.57,243.82,200,A3-S8
USI_NG_LAB_3292_039,beer3,beer3,300,906.49,1316.73,300,A3-S9
USI_NG_LAB_4379_034,beer3,beer3,300,941.36,1260.25,300,A3-S4
USI_NG_LAB_7926_035,beer3,beer3,190,779.03,1084.66,200,A3-S5
USI_NG_LAB_9517_036,beer3,beer3,293,356.72,497.68,300,A3-S6
USI_NG_LAB_0745_037,beer3,beer3,97,319.23,443.44,100,A3-S7
USI_NG_LAB_1492_038,beer3,beer3,200,195.57,243.82,200,A3-S8
USI_NG_LAB_3292_039,beer3,beer3,300,906.49,1316.73,300,A3-S9
USI_NG_LAB_4379_034,beer3,beer3,300,941.36,1260.25,300,A3-S4
USI_NG_LAB_7926_035,beer3,beer3,195,779.03,1084.66,200,A3-S5
USI_NG_LAB_9517_036,beer3,beer3,300,356.72,497.68,300,A3-S6
USI_NG_LAB_0745_037,beer3,beer3,100,319.23,443.44,100,A3-S7
USI_NG_LAB_1492_038,beer3,beer3,195,195.57,243.82,200,A3-S8
USI_NG_LAB_3292_039,beer3,beer3,292,906.49,1316.73,300,A3-S9
USI_NG_LAB_4379_034,beer3,beer3,300,941.36,1260.25,300,A3-S4
USI_NG_LAB_7926_035,beer3,beer3,193,779.03,1084.66,200,A3-S5
USI_NG_LAB_9517_036,beer3,beer3,297,356.72,497.68,300,A3-S6
USI_NG_LAB_0745_037,beer3,beer3,99,319.23,443.44,100,A3-S7
USI_NG_LAB_1492_038,beer3,beer3,198,195.57,243.82,200,A3-S8
USI_NG_LAB_3292_039,beer3,beer3,287,906.49,1316.73,300,A3-S9
USI_NG_LAB_4379_034,beer3,beer3,300,941.36,1260.25,300,A3-S4
USI_NG_LAB_7926_035,beer3,beer3,195,779.03,1084.66,200,A3-S5
USI_NG_LAB_9517_036,beer3,beer3,300,356.72,497.68,300,A3-S6
USI_NG_LAB_0745_037,beer3,beer3,99,319.23,443.44,100,A3-S7
USI_NG_LAB_1492_038,beer3,beer3,198,195.57,243.82,200,A3-S8
USI_NG_LAB_3292_039,beer3,beer3,285,906.49,1316.73,300,A3-S9
USI_NG_LAB_4379_034,beer3,beer3,300,941.36,1260.25,300,A3-S4
USI_NG_LAB_7926_035,beer3,beer3,195,779.03,1084.66,200,A3-S5
USI_NG_LAB_9517_036,beer3,beer3,300,356.72,497.68,300,A3-S6
USI_NG_LAB_0745_037,beer3,beer3,100,319.23,443.44,100,A3-S7
USI_NG_LAB_1492_038,beer3,beer3,200,195.57,243.82,200,A3-S8
USI_NG_LAB_3292_039,beer3,beer3,292,906.49,1316.73,300,A3-S9
USI_NG_LAB_4379_034,beer3,beer3,300,941.36,1260.25,300,A3-S4
USI_NG_LAB_7926_035,beer3,beer3,195,779.03,1084.66,200,A3-S5
USI_NG_LAB_9517_036,beer3,beer3,297,356.72,497.68,300,A3-S6
USI_NG_LAB_0745_037,beer3,beer3,97,319.23,443.44,100,A3-S7
USI_NG_LAB_1492_038,beer3,beer3,200,195.57,243.82,200,A3-S8
USI_NG_LAB_3292_039,beer3,beer3,292,906.49,1316.73,300,A3-S9
USI_NG_LAB_4379_034,beer3,beer3,300,941.36,1260.25,300,A3-S4
USI_NG_LAB_7926_035,beer3,beer3,195,779.03,1084.66,200,A3-S5
USI_NG_LAB_9517_036,beer3,beer3,300,356.72,497.68,300,A3-S6
USI_NG_LAB_0745_037,beer3,beer3,97,319.23,443.44,100,A3-S7
USI_NG_LAB_1492_038,beer3,beer3,200,195.57,243.82,200,A3-S8
USI_NG_LAB_3292_039,beer3,beer3,300,906.49,1316.73,300,A3-S9
USI_NG_LAB_0079_040,beer4,beer4,100,644.65,858.46,100,A4-S0
USI_NG_LAB_4508_041,beer4,beer4,200,449.12,566.87,200,A4-S1
USI_NG_LAB_6878_042,beer4,beer4,300,669.42,856.81,300,A4-S2
USI_NG_LAB_0651_043,beer4,beer4,200,694.61,1034.38,200,A4-S3
USI_NG_LAB_2484_044,beer4,beer4,100,62.9,81.69,100,A4-S4
USI_NG_LAB_5154_045,beer4,beer4,99,489.41,713.37,100,A4-S5
USI_NG_LAB_0079_040,beer4,beer4,99,644.65,858.46,100,A4-S0
USI_NG_LAB_4508_041,beer4,beer4,200,449.12,566.87,200,A4-S1
USI_NG_LAB_6878_042,beer4,beer4,300,669.42,856.81,300,A4-S2
USI_NG_LAB_0651_043,beer4,beer4,200,694.61,1034.38,200,A4-S3
USI_NG_LAB_2484_044,beer4,beer4,100,62.9,81.69,100,A4-S4
USI_NG_LAB_5154_045,beer4,beer4,99,489.41,713.37,100,A4-S5
USI_NG_LAB_0079_040,beer4,beer4,100,644.65,858.46,100,A4-S0
USI_NG_LAB_4508_041,beer4,beer4,198,449.12,566.87,200,A4-S1
USI_NG_LAB_6878_042,beer4,beer4,300,669.42,856.81,300,A4-S2
USI_NG_LAB_0651_043,beer4,beer4,200,694.61,1034.38,200,A4-S3
USI_NG_LAB_2484_044,beer4,beer4,100,62.9,81.69,100,A4-S4
USI_NG_LAB_5154_045,beer4,beer4,99,489.41,713.37,100,A4-S5
USI_NG_LAB_0079_040,beer4,beer4,100,644.65,858.46,100,A4-S0
USI_NG_LAB_4508_041,beer4,beer4,200,449.12,566.87,200,A4-S1
USI_NG_LAB_6878_042,beer4,beer4,300,669.42,856.81,300,A4-S2
USI_NG_LAB_0651_043,beer4,beer4,200,694.61,1034.38,200,A4-S3
USI_NG_LAB_2484_044,beer4,beer4,100,62.9,81.69,100,A4-S4
USI_NG_LAB_5154_045,beer4,beer4,100,489.41,713.37,100,A4-S5
USI_NG_LAB_0079_040,beer4,beer4,100,644.65,858.46,100,A4-S0
USI_NG_LAB_4508_041,beer4,beer4,200,449.12,566.87,200,A4-S1
USI_NG_LAB_6878_042,beer4,beer4,300,669.42,856.81,300,A4-S2
USI_NG_LAB_0651_043,beer4,beer4,200,694.61,1034.38,200,A4-S3
USI_NG_LAB_2484_044,beer4,beer4,100,62.9,81.69,100,A4-S4
USI_NG_LAB_5154_045,beer4,beer4,99,489.41,713.37,100,A4-S5
USI_NG_LAB_0079_040,beer4,beer4,100,644.65,858.46,100,A4-S0
USI_NG_LAB_4508_041,beer4,beer4,200,449.12,566.87,200,A4-S1
USI_NG_LAB_6878_042,beer4,beer4,300,669.42,856.81,300,A4-S2
USI_NG_LAB_0651_043,beer4,beer4,200,694.61,1034.38,200,A4-S3
USI_NG_LAB_2484_044,beer4,beer4,100,62.9,81.69,100,A4-S4
USI_NG_LAB_5154_045,beer4,beer4,100,489.41,713.37,100,A4-S5
USI_NG_LAB_0079_040,beer4,beer4,100,644.65,858.46,100,A4-S0
USI_NG_LAB_4508_041,beer4,beer4,200,449.12,566.87,200,A4-S1
USI_NG_LAB_6878_042,beer4,beer4,300,669.42,856.81,300,A4-S2
USI_NG_LAB_0651_043,beer4,beer4,200,694.61,1034.38,200,A4-S3
USI_NG_LAB_2484_044,beer4,beer4,100,62.9,81.69,100,A4-S4
USI_NG_LAB_5154_045,beer4,beer4,99,489.41,713.37,100,A4-S5
USI_NG_LAB_0079_040,beer4,beer4,100,644.65,858.46,100,A4-S0
USI_NG_LAB_4508_041,beer4,beer4,200,449.12,566.87,200,A4-S1
USI_NG_LAB_6878_042,beer4,beer4,300,669.42,856.81,300,A4-S2
USI_NG_LAB_0651_043,beer4,beer4,200,694.61,1034.38,200,A4-S3
USI_NG_LAB_2484_044,beer4,beer4,100,62.9,81.69,100,A4-S4
USI_NG_LAB_5154_045,beer4,beer4,100,489.41,713.37,100,A4-S5
USI_NG_LAB_0079_040,beer4,beer4,100,644.65,858.46,100,A4-S0
USI_NG_LAB_4508_041,beer4,beer4,200,449.12,566.87,200,A4-S1
USI_NG_LAB_6878_042,beer4,beer4,300,669.42,856.81,300,A4-S2
USI_NG_LAB_0651_043,beer4,beer4,200,694.61,1034.38,200,A4-S3
USI_NG_LAB_2484_044,beer4,beer4,100,62.9,81.69,100,A4-S4
USI_NG_LAB_5154_045,beer4,beer4,99,489.41,713.37,100,A4-S5
USI_NG_LAB_0079_040,beer4,beer4,100,644.65,858.46,100,A4-S0
USI_NG_LAB_4508_041,beer4,beer4,200,449.12,566.87,200,A4-S1
USI_NG_LAB_6878_042,beer4,beer4,300,669.42,856.81,300,A4-S2
USI_NG_LAB_0651_043,beer4,beer4,200,694.61,1034.38,200,A4-S3
USI_NG_LAB_2484_044,beer4,beer4,99,62.9,81.69,100,A4-S4
USI_NG_LAB_5154_045,beer4,beer4,99,489.41,713.37,100,A4-S5
USI_NG_LAB_6579_046,beer5,beer5,300,494.79,726.17,300,A4-S6
USI_NG_LAB_3614_047,beer5,beer5,292,639.9,899.82,300,A4-S7
USI_NG_LAB_5929_048,beer5,beer5,200,880.5,1093.81,200,A4-S8
USI_NG_LAB_9341_049,beer5,beer5,100,835.59,1008.75,100,A4-S9
USI_NG_LAB_8781_050,beer5,beer5,297,769.24,998,300,A5-S0
USI_NG_LAB_6579_046,beer5,beer5,300,494.79,726.17,300,A4-S6
USI_NG_LAB_3614_047,beer5,beer5,297,639.9,899.82,300,A4-S7
USI_NG_LAB_5929_048,beer5,beer5,198,880.5,1093.81,200,A4-S8
USI_NG_LAB_9341_049,beer5,beer5,99,835.59,1008.75,100,A4-S9
USI_NG_LAB_8781_050,beer5,beer5,297,769.24,998,300,A5-S0
USI_NG_LAB_6579_046,beer5,beer5,297,494.79,726.17,300,A4-S6
USI_NG_LAB_3614_047,beer5,beer5,300,639.9,899.82,300,A4-S7
USI_NG_LAB_5929_048,beer5,beer5,200,880.5,1093.81,200,A4-S8
USI_NG_LAB_9341_049,beer5,beer5,100,835.59,1008.75,100,A4-S9
USI_NG_LAB_8781_050,beer5,beer5,297,769.24,998,300,A5-S0
USI_NG_LAB_6579_046,beer5,beer5,300,494.79,726.17,300,A4-S6
USI_NG_LAB_3614_047,beer5,beer5,300,639.9,899.82,300,A4-S7
USI_NG_LAB_5929_048,beer5,beer5,200,880.5,1093.81,200,A4-S8
USI_NG_LAB_9341_049,beer5,beer5,99,835.59,1008.75,100,A4-S9
USI_NG_LAB_8781_050,beer5,beer5,300,769.24,998,300,A5-S0
USI_NG_LAB_6579_046,beer5,beer5,300,494.79,726.17,300,A4-S6
USI_NG_LAB_3614_047,beer5,beer5,300,639.9,899.82,300,A4-S7
USI_NG_LAB_5929_048,beer5,beer5,198,880.5,1093.81,200,A4-S8
USI_NG_LAB_9341_049,beer5,beer5,99,835.59,1008.75,100,A4-S9
USI_NG_LAB_8781_050,beer5,beer5,297,769.24,998,300,A5-S0
USI_NG_LAB_6579_046,beer5,beer5,297,494.79,726.17,300,A4-S6
USI_NG_LAB_3614_047,beer5,beer5,300,639.9,899.82,300,A4-S7
USI_NG_LAB_5929_048,beer5,beer5,198,880.5,1093.81,200,A4-S8
USI_NG_LAB_9341_049,beer5,beer5,99,835.59,1008.75,100,A4-S9
USI_NG_LAB_8781_050,beer5,beer5,300,769.24,998,300,A5-S0
USI_NG_LAB_6579_046,beer5,beer5,297,494.79,726.17,300,A4-S6
USI_NG_LAB_3614_047,beer5,beer5,300,639.9,899.82,300,A4-S7
USI_NG_LAB_5929_048,beer5,beer5,200,880.5,1093.81,200,A4-S8
USI_NG_LAB_9341_049,beer5,beer5,98,835.59,1008.75,100,A4-S9
USI_NG_LAB_8781_050,beer5,beer5,297,769.24,998,300,A5-S0
USI_NG_LAB_6579_046,beer5,beer5,297,494.79,726.17,300,A4-S6
USI_NG_LAB_3614_047,beer5,beer5,297,639.9,899.82,300,A4-S7
USI_NG_LAB_5929_048,beer5,beer5,198,880.5,1093.81,200,A4-S8
USI_NG_LAB_9341_049,beer5,beer5,98,835.59,1008.75,100,A4-S9
USI_NG_LAB_8781_050,beer5,beer5,297,769.24,998,300,A5-S0
USI_NG_LAB_6579_046,beer5,beer5,300,494.79,726.17,300,A4-S6
USI_NG_LAB_3614_047,beer5,beer5,300,639.9,899.82,300,A4-S7
USI_NG_LAB_5929_048,beer5,beer5,198,880.5,1093.81,200,A4-S8
USI_NG_LAB_9341_049,beer5,beer5,100,835.59,1008.75,100,A4-S9
USI_NG_LAB_8781_050,beer5,beer5,297,769.24,998,300,A5-S0
USI_NG_LAB_6579_046,beer5,beer5,295,494.79,726.17,300,A4-S6
USI_NG_LAB_3614_047,beer5,beer5,300,639.9,899.82,300,A4-S7
USI_NG_LAB_5929_048,beer5,beer5,200,880.5,1093.81,200,A4-S8
USI_NG_LAB_9341_049,beer5,beer5,100,835.59,1008.75,100,A4-S9
USI_NG_LAB_8781_050,beer5,beer5,300,769.24,998,300,A5-S0
USI_NG_LAB_7358_065,beer6,beer6,190,333.87,491.96,200,A6-S5
USI_NG_LAB_8506_066,beer6,beer6,200,275.75,392.37,200,A6-S6
USI_NG_LAB_5910_067,beer6,beer6,197,262.57,376.72,200,A6-S7
USI_NG_LAB_7358_065,beer6,beer6,190,333.87,491.96,200,A6-S5
USI_NG_LAB_8506_066,beer6,beer6,200,275.75,392.37,200,A6-S6
USI_NG_LAB_5910_067,beer6,beer6,200,262.57,376.72,200,A6-S7
USI_NG_LAB_7358_065,beer6,beer6,190,333.87,491.96,200,A6-S5
USI_NG_LAB_8506_066,beer6,beer6,200,275.75,392.37,200,A6-S6
USI_NG_LAB_5910_067,beer6,beer6,200,262.57,376.72,200,A6-S7
USI_NG_LAB_7358_065,beer6,beer6,195,333.87,491.96,200,A6-S5
USI_NG_LAB_8506_066,beer6,beer6,200,275.75,392.37,200,A6-S6
USI_NG_LAB_5910_067,beer6,beer6,200,262.57,376.72,200,A6-S7
USI_NG_LAB_7358_065,beer6,beer6,195,333.87,491.96,200,A6-S5
USI_NG_LAB_8506_066,beer6,beer6,200,275.75,392.37,200,A6-S6
USI_NG_LAB_5910_067,beer6,beer6,200,262.57,376.72,200,A6-S7
USI_NG_LAB_7358_065,beer6,beer6,193,333.87,491.96,200,A6-S5
USI_NG_LAB_8506_066,beer6,beer6,200,275.75,392.37,200,A6-S6
USI_NG_LAB_5910_067,beer6,beer6,200,262.57,376.72,200,A6-S7
USI_NG_LAB_7358_065,beer6,beer6,193,333.87,491.96,200,A6-S5
USI_NG_LAB_8506_066,beer6,beer6,200,275.75,392.37,200,A6-S6
USI_NG_LAB_5910_067,beer6,beer6,200,262.57,376.72,200,A6-S7
USI_NG_LAB_7358_065,beer6,beer6,200,333.87,491.96,200,A6-S5
USI_NG_LAB_8506_066,beer6,beer6,200,275.75,392.37,200,A6-S6
USI_NG_LAB_5910_067,beer6,beer6,200,262.57,376.72,200,A6-S7
USI_NG_LAB_7358_065,beer6,beer6,195,333.87,491.96,200,A6-S5
USI_NG_LAB_8506_066,beer6,beer6,200,275.75,392.37,200,A6-S6
USI_NG_LAB_5910_067,beer6,beer6,197,262.57,376.72,200,A6-S7
USI_NG_LAB_7358_065,beer6,beer6,193,333.87,491.96,200,A6-S5
USI_NG_LAB_8506_066,beer6,beer6,200,275.75,392.37,200,A6-S6
USI_NG_LAB_5910_067,beer6,beer6,200,262.57,376.72,200,A6-S7
USI_NG_LAB_5300_001,big_cola,big_cola,300,862.93,1288.73,300,A0-S1
USI_NG_LAB_9101_002,big_cola,big_cola,294,579.22,809.51,300,A0-S2
USI_NG_LAB_6582_003,big_cola,big_cola,100,782.72,1077.54,100,A0-S3
USI_NG_LAB_1574_004,big_cola,big_cola,300,827.02,1063.71,300,A0-S4
USI_NG_LAB_8832_005,big_cola,big_cola,300,769.34,1096.41,300,A0-S5
USI_NG_LAB_5300_001,big_cola,big_cola,286,862.93,1288.73,300,A0-S1
USI_NG_LAB_9101_002,big_cola,big_cola,294,579.22,809.51,300,A0-S2
USI_NG_LAB_6582_003,big_cola,big_cola,99,782.72,1077.54,100,A0-S3
USI_NG_LAB_1574_004,big_cola,big_cola,300,827.02,1063.71,300,A0-S4
USI_NG_LAB_8832_005,big_cola,big_cola,297,769.34,1096.41,300,A0-S5
USI_NG_LAB_5300_001,big_cola,big_cola,291,862.93,1288.73,300,A0-S1
USI_NG_LAB_9101_002,big_cola,big_cola,294,579.22,809.51,300,A0-S2
USI_NG_LAB_6582_003,big_cola,big_cola,99,782.72,1077.54,100,A0-S3
USI_NG_LAB_1574_004,big_cola,big_cola,300,827.02,1063.71,300,A0-S4
USI_NG_LAB_8832_005,big_cola,big_cola,297,769.34,1096.41,300,A0-S5
USI_NG_LAB_5300_001,big_cola,big_cola,291,862.93,1288.73,300,A0-S1
USI_NG_LAB_9101_002,big_cola,big_cola,294,579.22,809.51,300,A0-S2
USI_NG_LAB_6582_003,big_cola,big_cola,99,782.72,1077.54,100,A0-S3
USI_NG_LAB_1574_004,big_cola,big_cola,300,827.02,1063.71,300,A0-S4
USI_NG_LAB_8832_005,big_cola,big_cola,300,769.34,1096.41,300,A0-S5
USI_NG_LAB_5300_001,big_cola,big_cola,291,862.93,1288.73,300,A0-S1
USI_NG_LAB_9101_002,big_cola,big_cola,294,579.22,809.51,300,A0-S2
USI_NG_LAB_6582_003,big_cola,big_cola,99,782.72,1077.54,100,A0-S3
USI_NG_LAB_1574_004,big_cola,big_cola,300,827.02,1063.71,300,A0-S4
USI_NG_LAB_8832_005,big_cola,big_cola,300,769.34,1096.41,300,A0-S5
USI_NG_LAB_5300_001,big_cola,big_cola,291,862.93,1288.73,300,A0-S1
USI_NG_LAB_9101_002,big_cola,big_cola,294,579.22,809.51,300,A0-S2
USI_NG_LAB_6582_003,big_cola,big_cola,97,782.72,1077.54,100,A0-S3
USI_NG_LAB_1574_004,big_cola,big_cola,300,827.02,1063.71,300,A0-S4
USI_NG_LAB_8832_005,big_cola,big_cola,300,769.34,1096.41,300,A0-S5
USI_NG_LAB_5300_001,big_cola,big_cola,297,862.93,1288.73,300,A0-S1
USI_NG_LAB_9101_002,big_cola,big_cola,294,579.22,809.51,300,A0-S2
USI_NG_LAB_6582_003,big_cola,big_cola,97,782.72,1077.54,100,A0-S3
USI_NG_LAB_1574_004,big_cola,big_cola,300,827.02,1063.71,300,A0-S4
USI_NG_LAB_8832_005,big_cola,big_cola,300,769.34,1096.41,300,A0-S5
USI_NG_LAB_5300_001,big_cola,big_cola,300,862.93,1288.73,300,A0-S1
USI_NG_LAB_9101_002,big_cola,big_cola,294,579.22,809.51,300,A0-S2
USI_NG_LAB_6582_003,big_cola,big_cola,97,782.72,1077.54,100,A0-S3
USI_NG_LAB_1574_004,big_cola,big_cola,300,827.02,1063.71,300,A0-S4
USI_NG_LAB_8832_005,big_cola,big_cola,297,769.34,1096.41,300,A0-S5
USI_NG_LAB_5300_001,big_cola,big_cola,297,862.93,1288.73,300,A0-S1
USI_NG_LAB_9101_002,big_cola,big_cola,294,579.22,809.51,300,A0-S2
USI_NG_LAB_6582_003,big_cola,big_cola,97,782.72,1077.54,100,A0-S3
USI_NG_LAB_1574_004,big_cola,big_cola,300,827.02,1063.71,300,A0-S4
USI_NG_LAB_8832_005,big_cola,big_cola,297,769.34,1096.41,300,A0-S5
USI_NG_LAB_5300_001,big_cola,big_cola,297,862.93,1288.73,300,A0-S1
USI_NG_LAB_9101_002,big_cola,big_cola,294,579.22,809.51,300,A0-S2
USI_NG_LAB_6582_003,big_cola,big_cola,97,782.72,1077.54,100,A0-S3
USI_NG_LAB_1574_004,big_cola,big_cola,300,827.02,1063.71,300,A0-S4
USI_NG_LAB_8832_005,big_cola,big_cola,297,769.34,1096.41,300,A0-S5
USI_NG_LAB_6940_069,coffee,coffee,97,593.42,885.45,100,A6-S9
USI_NG_LAB_6940_069,coffee,coffee,81,593.42,885.45,100,A6-S9
USI_NG_LAB_6940_069,coffee,coffee,79,593.42,885.45,100,A6-S9
USI_NG_LAB_6940_069,coffee,coffee,98,593.42,885.45,100,A6-S9
USI_NG_LAB_6940_069,coffee,coffee,93,593.42,885.45,100,A6-S9
USI_NG_LAB_6940_069,coffee,coffee,100,593.42,885.45,100,A6-S9
USI_NG_LAB_6940_069,coffee,coffee,99,593.42,885.45,100,A6-S9
USI_NG_LAB_6940_069,coffee,coffee,98,593.42,885.45,100,A6-S9
USI_NG_LAB_6940_069,coffee,coffee,96,593.42,885.45,100,A6-S9
USI_NG_LAB_6940_069,coffee,coffee,98,593.42,885.45,100,A6-S9
USI_NG_LAB_3208_015,cola,cola,300,681.43,1008.47,300,A1-S5
USI_NG_LAB_3291_016,cola,cola,200,200.12,289.91,200,A1-S6
USI_NG_LAB_3208_015,cola,cola,0,681.43,1008.47,300,A1-S5
USI_NG_LAB_3291_016,cola,cola,0,200.12,289.91,200,A1-S6
USI_NG_LAB_3208_015,cola,cola,0,681.43,1008.47,300,A1-S5
USI_NG_LAB_3291_016,cola,cola,0,200.12,289.91,200,A1-S6
USI_NG_LAB_3208_015,cola,cola,0,681.43,1008.47,300,A1-S5
USI_NG_LAB_3291_016,cola,cola,0,200.12,289.91,200,A1-S6
USI_NG_LAB_3208_015,cola,cola,287,681.43,1008.47,300,A1-S5
USI_NG_LAB_3291_016,cola,cola,200,200.12,289.91,200,A1-S6
USI_NG_LAB_3208_015,cola,cola,300,681.43,1008.47,300,A1-S5
USI_NG_LAB_3291_016,cola,cola,200,200.12,289.91,200,A1-S6
USI_NG_LAB_3208_015,cola,cola,297,681.43,1008.47,300,A1-S5
USI_NG_LAB_3291_016,cola,cola,200,200.12,289.91,200,A1-S6
USI_NG_LAB_3208_015,cola,cola,300,681.43,1008.47,300,A1-S5
USI_NG_LAB_3291_016,cola,cola,200,200.12,289.91,200,A1-S6
USI_NG_LAB_3208_015,cola,cola,290,681.43,1008.47,300,A1-S5
USI_NG_LAB_3291_016,cola,cola,200,200.12,289.91,200,A1-S6
USI_NG_LAB_3208_015,cola,cola,297,681.43,1008.47,300,A1-S5
USI_NG_LAB_3291_016,cola,cola,200,200.12,289.91,200,A1-S6
USI_NG_LAB_5614_030,cola_can1,cola_can1,43,189.14,281.74,50,A3-S0
USI_NG_LAB_1654_031,cola_can1,cola_can1,291,313.62,456.96,300,A3-S1
USI_NG_LAB_3183_032,cola_can1,cola_can1,200,830.35,1131.23,200,A3-S2
USI_NG_LAB_6625_033,cola_can1,cola_can1,197,482.31,684.47,200,A3-S3
USI_NG_LAB_5614_030,cola_can1,cola_can1,49,189.14,281.74,50,A3-S0
USI_NG_LAB_1654_031,cola_can1,cola_can1,300,313.62,456.96,300,A3-S1
USI_NG_LAB_3183_032,cola_can1,cola_can1,197,830.35,1131.23,200,A3-S2
USI_NG_LAB_6625_033,cola_can1,cola_can1,197,482.31,684.47,200,A3-S3
USI_NG_LAB_5614_030,cola_can1,cola_can1,49,189.14,281.74,50,A3-S0
USI_NG_LAB_1654_031,cola_can1,cola_can1,300,313.62,456.96,300,A3-S1
USI_NG_LAB_3183_032,cola_can1,cola_can1,197,830.35,1131.23,200,A3-S2
USI_NG_LAB_6625_033,cola_can1,cola_can1,197,482.31,684.47,200,A3-S3
USI_NG_LAB_5614_030,cola_can1,cola_can1,48,189.14,281.74,50,A3-S0
USI_NG_LAB_1654_031,cola_can1,cola_can1,295,313.62,456.96,300,A3-S1
USI_NG_LAB_3183_032,cola_can1,cola_can1,197,830.35,1131.23,200,A3-S2
USI_NG_LAB_6625_033,cola_can1,cola_can1,194,482.31,684.47,200,A3-S3
USI_NG_LAB_5614_030,cola_can1,cola_can1,49,189.14,281.74,50,A3-S0
USI_NG_LAB_1654_031,cola_can1,cola_can1,300,313.62,456.96,300,A3-S1
USI_NG_LAB_3183_032,cola_can1,cola_can1,200,830.35,1131.23,200,A3-S2
USI_NG_LAB_6625_033,cola_can1,cola_can1,194,482.31,684.47,200,A3-S3
USI_NG_LAB_5614_030,cola_can1,cola_can1,48,189.14,281.74,50,A3-S0
USI_NG_LAB_1654_031,cola_can1,cola_can1,295,313.62,456.96,300,A3-S1
USI_NG_LAB_3183_032,cola_can1,cola_can1,197,830.35,1131.23,200,A3-S2
USI_NG_LAB_6625_033,cola_can1,cola_can1,192,482.31,684.47,200,A3-S3
USI_NG_LAB_5614_030,cola_can1,cola_can1,48,189.14,281.74,50,A3-S0
USI_NG_LAB_1654_031,cola_can1,cola_can1,295,313.62,456.96,300,A3-S1
USI_NG_LAB_3183_032,cola_can1,cola_can1,197,830.35,1131.23,200,A3-S2
USI_NG_LAB_6625_033,cola_can1,cola_can1,197,482.31,684.47,200,A3-S3
USI_NG_LAB_5614_030,cola_can1,cola_can1,49,189.14,281.74,50,A3-S0
USI_NG_LAB_1654_031,cola_can1,cola_can1,300,313.62,456.96,300,A3-S1
USI_NG_LAB_3183_032,cola_can1,cola_can1,200,830.35,1131.23,200,A3-S2
USI_NG_LAB_6625_033,cola_can1,cola_can1,194,482.31,684.47,200,A3-S3
USI_NG_LAB_5614_030,cola_can1,cola_can1,49,189.14,281.74,50,A3-S0
USI_NG_LAB_1654_031,cola_can1,cola_can1,300,313.62,456.96,300,A3-S1
USI_NG_LAB_3183_032,cola_can1,cola_can1,200,830.35,1131.23,200,A3-S2
USI_NG_LAB_6625_033,cola_can1,cola_can1,197,482.31,684.47,200,A3-S3
USI_NG_LAB_5614_030,cola_can1,cola_can1,49,189.14,281.74,50,A3-S0
USI_NG_LAB_1654_031,cola_can1,cola_can1,300,313.62,456.96,300,A3-S1
USI_NG_LAB_3183_032,cola_can1,cola_can1,197,830.35,1131.23,200,A3-S2
USI_NG_LAB_6625_033,cola_can1,cola_can1,197,482.31,684.47,200,A3-S3
USI_NG_LAB_9422_051,cola_can2,cola_can2,49,250.78,351.63,50,A5-S1
USI_NG_LAB_0630_052,cola_can2,cola_can2,195,266.39,353.08,200,A5-S2
USI_NG_LAB_5576_053,cola_can2,cola_can2,97,611.22,824.37,100,A5-S3
USI_NG_LAB_5914_054,cola_can2,cola_can2,49,271.02,379.73,50,A5-S4
USI_NG_LAB_7399_055,cola_can2,cola_can2,148,397.21,506.74,150,A5-S5
USI_NG_LAB_7739_056,cola_can2,cola_can2,98,621.53,769.23,100,A5-S6
USI_NG_LAB_4454_057,cola_can2,cola_can2,144,680.74,922.82,150,A5-S7
USI_NG_LAB_9551_058,cola_can2,cola_can2,289,652.65,822.12,300,A5-S8
USI_NG_LAB_9422_051,cola_can2,cola_can2,49,250.78,351.63,50,A5-S1
USI_NG_LAB_0630_052,cola_can2,cola_can2,193,266.39,353.08,200,A5-S2
USI_NG_LAB_5576_053,cola_can2,cola_can2,97,611.22,824.37,100,A5-S3
USI_NG_LAB_5914_054,cola_can2,cola_can2,49,271.02,379.73,50,A5-S4
USI_NG_LAB_7399_055,cola_can2,cola_can2,144,397.21,506.74,150,A5-S5
USI_NG_LAB_7739_056,cola_can2,cola_can2,100,621.53,769.23,100,A5-S6
USI_NG_LAB_4454_057,cola_can2,cola_can2,146,680.74,922.82,150,A5-S7
USI_NG_LAB_9551_058,cola_can2,cola_can2,292,652.65,822.12,300,A5-S8
USI_NG_LAB_9422_051,cola_can2,cola_can2,49,250.78,351.63,50,A5-S1
USI_NG_LAB_0630_052,cola_can2,cola_can2,197,266.39,353.08,200,A5-S2
USI_NG_LAB_5576_053,cola_can2,cola_can2,97,611.22,824.37,100,A5-S3
USI_NG_LAB_5914_054,cola_can2,cola_can2,49,271.02,379.73,50,A5-S4
USI_NG_LAB_7399_055,cola_can2,cola_can2,148,397.21,506.74,150,A5-S5
USI_NG_LAB_7739_056,cola_can2,cola_can2,97,621.53,769.23,100,A5-S6
USI_NG_LAB_4454_057,cola_can2,cola_can2,142,680.74,922.82,150,A5-S7
USI_NG_LAB_9551_058,cola_can2,cola_can2,289,652.65,822.12,300,A5-S8
USI_NG_LAB_9422_051,cola_can2,cola_can2,49,250.78,351.63,50,A5-S1
USI_NG_LAB_0630_052,cola_can2,cola_can2,197,266.39,353.08,200,A5-S2
USI_NG_LAB_5576_053,cola_can2,cola_can2,97,611.22,824.37,100,A5-S3
USI_NG_LAB_5914_054,cola_can2,cola_can2,49,271.02,379.73,50,A5-S4
USI_NG_LAB_7399_055,cola_can2,cola_can2,148,397.21,506.74,150,A5-S5
USI_NG_LAB_7739_056,cola_can2,cola_can2,97,621.53,769.23,100,A5-S6
USI_NG_LAB_4454_057,cola_can2,cola_can2,142,680.74,922.82,150,A5-S7
USI_NG_LAB_9551_058,cola_can2,cola_can2,289,652.65,822.12,300,A5-S8
USI_NG_LAB_9422_051,cola_can2,cola_can2,49,250.78,351.63,50,A5-S1
USI_NG_LAB_0630_052,cola_can2,cola_can2,195,266.39,353.08,200,A5-S2
USI_NG_LAB_5576_053,cola_can2,cola_can2,97,611.22,824.37,100,A5-S3
USI_NG_LAB_5914_054,cola_can2,cola_can2,50,271.02,379.73,50,A5-S4
USI_NG_LAB_7399_055,cola_can2,cola_can2,144,397.21,506.74,150,A5-S5
USI_NG_LAB_7739_056,cola_can2,cola_can2,98,621.53,769.23,100,A5-S6
USI_NG_LAB_4454_057,cola_can2,cola_can2,144,680.74,922.82,150,A5-S7
USI_NG_LAB_9551_058,cola_can2,cola_can2,289,652.65,822.12,300,A5-S8
USI_NG_LAB_9422_051,cola_can2,cola_can2,49,250.78,351.63,50,A5-S1
USI_NG_LAB_0630_052,cola_can2,cola_can2,200,266.39,353.08,200,A5-S2
USI_NG_LAB_5576_053,cola_can2,cola_can2,98,611.22,824.37,100,A5-S3
USI_NG_LAB_5914_054,cola_can2,cola_can2,50,271.02,379.73,50,A5-S4
USI_NG_LAB_7399_055,cola_can2,cola_can2,150,397.21,506.74,150,A5-S5
USI_NG_LAB_7739_056,cola_can2,cola_can2,100,621.53,769.23,100,A5-S6
USI_NG_LAB_4454_057,cola_can2,cola_can2,148,680.74,922.82,150,A5-S7
USI_NG_LAB_9551_058,cola_can2,cola_can2,290,652.65,822.12,300,A5-S8
USI_NG_LAB_9422_051,cola_can2,cola_can2,49,250.78,351.63,50,A5-S1
USI_NG_LAB_0630_052,cola_can2,cola_can2,200,266.39,353.08,200,A5-S2
USI_NG_LAB_5576_053,cola_can2,cola_can2,98,611.22,824.37,100,A5-S3
USI_NG_LAB_5914_054,cola_can2,cola_can2,50,271.02,379.73,50,A5-S4
USI_NG_LAB_7399_055,cola_can2,cola_can2,144,397.21,506.74,150,A5-S5
USI_NG_LAB_7739_056,cola_can2,cola_can2,100,621.53,769.23,100,A5-S6
USI_NG_LAB_4454_057,cola_can2,cola_can2,148,680.74,922.82,150,A5-S7
USI_NG_LAB_9551_058,cola_can2,cola_can2,296,652.65,822.12,300,A5-S8
USI_NG_LAB_9422_051,cola_can2,cola_can2,49,250.78,351.63,50,A5-S1
USI_NG_LAB_0630_052,cola_can2,cola_can2,195,266.39,353.08,200,A5-S2
USI_NG_LAB_5576_053,cola_can2,cola_can2,96,611.22,824.37,100,A5-S3
USI_NG_LAB_5914_054,cola_can2,cola_can2,49,271.02,379.73,50,A5-S4
USI_NG_LAB_7399_055,cola_can2,cola_can2,144,397.21,506.74,150,A5-S5
USI_NG_LAB_7739_056,cola_can2,cola_can2,100,621.53,769.23,100,A5-S6
USI_NG_LAB_4454_057,cola_can2,cola_can2,148,680.74,922.82,150,A5-S7
USI_NG_LAB_9551_058,cola_can2,cola_can2,292,652.65,822.12,300,A5-S8
USI_NG_LAB_9422_051,cola_can2,cola_can2,49,250.78,351.63,50,A5-S1
USI_NG_LAB_0630_052,cola_can2,cola_can2,197,266.39,353.08,200,A5-S2
USI_NG_LAB_5576_053,cola_can2,cola_can2,97,611.22,824.37,100,A5-S3
USI_NG_LAB_5914_054,cola_can2,cola_can2,50,271.02,379.73,50,A5-S4
USI_NG_LAB_7399_055,cola_can2,cola_can2,150,397.21,506.74,150,A5-S5
USI_NG_LAB_7739_056,cola_can2,cola_can2,100,621.53,769.23,100,A5-S6
USI_NG_LAB_4454_057,cola_can2,cola_can2,150,680.74,922.82,150,A5-S7
USI_NG_LAB_9551_058,cola_can2,cola_can2,296,652.65,822.12,300,A5-S8
USI_NG_LAB_9422_051,cola_can2,cola_can2,49,250.78,351.63,50,A5-S1
USI_NG_LAB_0630_052,cola_can2,cola_can2,195,266.39,353.08,200,A5-S2
USI_NG_LAB_5576_053,cola_can2,cola_can2,98,611.22,824.37,100,A5-S3
USI_NG_LAB_5914_054,cola_can2,cola_can2,50,271.02,379.73,50,A5-S4
USI_NG_LAB_7399_055,cola_can2,cola_can2,148,397.21,506.74,150,A5-S5
USI_NG_LAB_7739_056,cola_can2,cola_can2,100,621.53,769.23,100,A5-S6
USI_NG_LAB_4454_057,cola_can2,cola_can2,148,680.74,922.82,150,A5-S7
USI_NG_LAB_9551_058,cola_can2,cola_can2,300,652.65,822.12,300,A5-S8
USI_NG_LAB_3886_090,combat,combat,50,515.11,739.9,50,A9-S0
USI_NG_LAB_3886_090,combat,combat,50,515.11,739.9,50,A9-S0
USI_NG_LAB_3886_090,combat,combat,50,515.11,739.9,50,A9-S0
USI_NG_LAB_3886_090,combat,combat,49,515.11,739.9,50,A9-S0
USI_NG_LAB_3886_090,combat,combat,50,515.11,739.9,50,A9-S0
USI_NG_LAB_3886_090,combat,combat,50,515.11,739.9,50,A9-S0
USI_NG_LAB_3886_090,combat,combat,49,515.11,739.9,50,A9-S0
USI_NG_LAB_3886_090,combat,combat,50,515.11,739.9,50,A9-S0
USI_NG_LAB_3886_090,combat,combat,50,515.11,739.9,50,A9-S0
USI_NG_LAB_3886_090,combat,combat,49,515.11,739.9,50,A9-S0
USI_NG_LAB_2119_078,cookie1,cookie1,198,567.01,839.81,200,A7-S8
USI_NG_LAB_2119_078,cookie1,cookie1,197,567.01,839.81,200,A7-S8
USI_NG_LAB_2119_078,cookie1,cookie1,198,567.01,839.81,200,A7-S8
USI_NG_LAB_2119_078,cookie1,cookie1,198,567.01,839.81,200,A7-S8
USI_NG_LAB_2119_078,cookie1,cookie1,200,567.01,839.81,200,A7-S8
USI_NG_LAB_2119_078,cookie1,cookie1,198,567.01,839.81,200,A7-S8
USI_NG_LAB_2119_078,cookie1,cookie1,198,567.01,839.81,200,A7-S8
USI_NG_LAB_2119_078,cookie1,cookie1,200,567.01,839.81,200,A7-S8
USI_NG_LAB_2119_078,cookie1,cookie1,200,567.01,839.81,200,A7-S8
USI_NG_LAB_2119_078,cookie1,cookie1,198,567.01,839.81,200,A7-S8
USI_NG_LAB_2615_079,cookie2,cookie2,50,395.94,549.99,50,A7-S9
USI_NG_LAB_2615_079,cookie2,cookie2,50,395.94,549.99,50,A7-S9
USI_NG_LAB_2615_079,cookie2,cookie2,50,395.94,549.99,50,A7-S9
USI_NG_LAB_2615_079,cookie2,cookie2,49,395.94,549.99,50,A7-S9
USI_NG_LAB_2615_079,cookie2,cookie2,50,395.94,549.99,50,A7-S9
USI_NG_LAB_2615_079,cookie2,cookie2,50,395.94,549.99,50,A7-S9
USI_NG_LAB_2615_079,cookie2,cookie2,50,395.94,549.99,50,A7-S9
USI_NG_LAB_2615_079,cookie2,cookie2,50,395.94,549.99,50,A7-S9
USI_NG_LAB_2615_079,cookie2,cookie2,50,395.94,549.99,50,A7-S9
USI_NG_LAB_2615_079,cookie2,cookie2,50,395.94,549.99,50,A7-S9
USI_NG_LAB_6912_080,cookie3,cookie3,300,143.35,204.55,300,A8-S0
USI_NG_LAB_6912_080,cookie3,cookie3,300,143.35,204.55,300,A8-S0
USI_NG_LAB_6912_080,cookie3,cookie3,300,143.35,204.55,300,A8-S0
USI_NG_LAB_6912_080,cookie3,cookie3,300,143.35,204.55,300,A8-S0
USI_NG_LAB_6912_080,cookie3,cookie3,300,143.35,204.55,300,A8-S0
USI_NG_LAB_6912_080,cookie3,cookie3,300,143.35,204.55,300,A8-S0
USI_NG_LAB_6912_080,cookie3,cookie3,300,143.35,204.55,300,A8-S0
USI_NG_LAB_6912_080,cookie3,cookie3,300,143.35,204.55,300,A8-S0
USI_NG_LAB_6912_080,cookie3,cookie3,300,143.35,204.55,300,A8-S0
USI_NG_LAB_6912_080,cookie3,cookie3,300,143.35,204.55,300,A8-S0
USI_NG_LAB_0471_081,cookie4,cookie4,300,264.62,366.14,300,A8-S1
USI_NG_LAB_0471_081,cookie4,cookie4,300,264.62,366.14,300,A8-S1
USI_NG_LAB_0471_081,cookie4,cookie4,300,264.62,366.14,300,A8-S1
USI_NG_LAB_0471_081,cookie4,cookie4,300,264.62,366.14,300,A8-S1
USI_NG_LAB_0471_081,cookie4,cookie4,300,264.62,366.14,300,A8-S1
USI_NG_LAB_0471_081,cookie4,cookie4,300,264.62,366.14,300,A8-S1
USI_NG_LAB_0471_081,cookie4,cookie4,300,264.62,366.14,300,A8-S1
USI_NG_LAB_0471_081,cookie4,cookie4,300,264.62,366.14,300,A8-S1
USI_NG_LAB_0471_081,cookie4,cookie4,300,264.62,366.14,300,A8-S1
USI_NG_LAB_0471_081,cookie4,cookie4,300,264.62,366.14,300,A8-S1
USI_NG_LAB_9945_082,cookie5,cookie5,100,358.44,430.68,100,A8-S2
USI_NG_LAB_9945_082,cookie5,cookie5,100,358.44,430.68,100,A8-S2
USI_NG_LAB_9945_082,cookie5,cookie5,100,358.44,430.68,100,A8-S2
USI_NG_LAB_9945_082,cookie5,cookie5,100,358.44,430.68,100,A8-S2
USI_NG_LAB_9945_082,cookie5,cookie5,100,358.44,430.68,100,A8-S2
USI_NG_LAB_9945_082,cookie5,cookie5,100,358.44,430.68,100,A8-S2
USI_NG_LAB_9945_082,cookie5,cookie5,100,358.44,430.68,100,A8-S2
USI_NG_LAB_9945_082,cookie5,cookie5,98,358.44,430.68,100,A8-S2
USI_NG_LAB_9945_082,cookie5,cookie5,100,358.44,430.68,100,A8-S2
USI_NG_LAB_9945_082,cookie5,cookie5,100,358.44,430.68,100,A8-S2
USI_NG_LAB_8392_083,cookie6,cookie6,50,94.81,118.1,50,A8-S3
USI_NG_LAB_8392_083,cookie6,cookie6,50,94.81,118.1,50,A8-S3
USI_NG_LAB_8392_083,cookie6,cookie6,48,94.81,118.1,50,A8-S3
USI_NG_LAB_8392_083,cookie6,cookie6,50,94.81,118.1,50,A8-S3
USI_NG_LAB_8392_083,cookie6,cookie6,49,94.81,118.1,50,A8-S3
USI_NG_LAB_8392_083,cookie6,cookie6,50,94.81,118.1,50,A8-S3
USI_NG_LAB_8392_083,cookie6,cookie6,50,94.81,118.1,50,A8-S3
USI_NG_LAB_8392_083,cookie6,cookie6,50,94.81,118.1,50,A8-S3
USI_NG_LAB_8392_083,cookie6,cookie6,50,94.81,118.1,50,A8-S3
USI_NG_LAB_8392_083,cookie6,cookie6,50,94.81,118.1,50,A8-S3
USI_NG_LAB_9674_084,cookie7,cookie7,100,394.85,546.54,100,A8-S4
USI_NG_LAB_9674_084,cookie7,cookie7,99,394.85,546.54,100,A8-S4
USI_NG_LAB_9674_084,cookie7,cookie7,100,394.85,546.54,100,A8-S4
USI_NG_LAB_9674_084,cookie7,cookie7,100,394.85,546.54,100,A8-S4
USI_NG_LAB_9674_084,cookie7,cookie7,100,394.85,546.54,100,A8-S4
USI_NG_LAB_9674_084,cookie7,cookie7,100,394.85,546.54,100,A8-S4
USI_NG_LAB_9674_084,cookie7,cookie7,100,394.85,546.54,100,A8-S4
USI_NG_LAB_9674_084,cookie7,cookie7,100,394.85,546.54,100,A8-S4
USI_NG_LAB_9674_084,cookie7,cookie7,100,394.85,546.54,100,A8-S4
USI_NG_LAB_9674_084,cookie7,cookie7,100,394.85,546.54,100,A8-S4
USI_NG_LAB_9287_085,croc,croc,282,437.43,624.04,300,A8-S5
USI_NG_LAB_7659_086,croc,croc,300,621.39,904.09,300,A8-S6
USI_NG_LAB_9287_085,croc,croc,300,437.43,624.04,300,A8-S5
USI_NG_LAB_7659_086,croc,croc,288,621.39,904.09,300,A8-S6
USI_NG_LAB_9287_085,croc,croc,291,437.43,624.04,300,A8-S5
USI_NG_LAB_7659_086,croc,croc,284,621.39,904.09,300,A8-S6
USI_NG_LAB_9287_085,croc,croc,282,437.43,624.04,300,A8-S5
USI_NG_LAB_7659_086,croc,croc,288,621.39,904.09,300,A8-S6
USI_NG_LAB_9287_085,croc,croc,300,437.43,624.04,300,A8-S5
USI_NG_LAB_7659_086,croc,croc,288,621.39,904.09,300,A8-S6
USI_NG_LAB_9287_085,croc,croc,291,437.43,624.04,300,A8-S5
USI_NG_LAB_7659_086,croc,croc,295,621.39,904.09,300,A8-S6
USI_NG_LAB_9287_085,croc,croc,295,437.43,624.04,300,A8-S5
USI_NG_LAB_7659_086,croc,croc,300,621.39,904.09,300,A8-S6
USI_NG_LAB_9287_085,croc,croc,300,437.43,624.04,300,A8-S5
USI_NG_LAB_7659_086,croc,croc,295,621.39,904.09,300,A8-S6
USI_NG_LAB_9287_085,croc,croc,282,437.43,624.04,300,A8-S5
USI_NG_LAB_7659_086,croc,croc,300,621.39,904.09,300,A8-S6
USI_NG_LAB_9287_085,croc,croc,291,437.43,624.04,300,A8-S5
USI_NG_LAB_7659_086,croc,croc,295,621.39,904.09,300,A8-S6
USI_NG_LAB_0987_087,dalli,dalli,198,866.23,1175.31,200,A8-S7
USI_NG_LAB_4721_088,dalli,dalli,100,379.95,551.47,100,A8-S8
USI_NG_LAB_0987_087,dalli,dalli,200,866.23,1175.31,200,A8-S7
USI_NG_LAB_4721_088,dalli,dalli,98,379.95,551.47,100,A8-S8
USI_NG_LAB_0987_087,dalli,dalli,198,866.23,1175.31,200,A8-S7
USI_NG_LAB_4721_088,dalli,dalli,100,379.95,551.47,100,A8-S8
USI_NG_LAB_0987_087,dalli,dalli,200,866.23,1175.31,200,A8-S7
USI_NG_LAB_4721_088,dalli,dalli,98,379.95,551.47,100,A8-S8
USI_NG_LAB_0987_087,dalli,dalli,200,866.23,1175.31,200,A8-S7
USI_NG_LAB_4721_088,dalli,dalli,100,379.95,551.47,100,A8-S8
USI_NG_LAB_0987_087,dalli,dalli,200,866.23,1175.31,200,A8-S7
USI_NG_LAB_4721_088,dalli,dalli,98,379.95,551.47,100,A8-S8
USI_NG_LAB_0987_087,dalli,dalli,198,866.23,1175.31,200,A8-S7
USI_NG_LAB_4721_088,dalli,dalli,100,379.95,551.47,100,A8-S8
USI_NG_LAB_0987_087,dalli,dalli,200,866.23,1175.31,200,A8-S7
USI_NG_LAB_4721_088,dalli,dalli,99,379.95,551.47,100,A8-S8
USI_NG_LAB_0987_087,dalli,dalli,198,866.23,1175.31,200,A8-S7
USI_NG_LAB_4721_088,dalli,dalli,100,379.95,551.47,100,A8-S8
USI_NG_LAB_0987_087,dalli,dalli,198,866.23,1175.31,200,A8-S7
USI_NG_LAB_4721_088,dalli,dalli,98,379.95,551.47,100,A8-S8
USI_NG_LAB_4963_068,imei,imei,50,308.9,392.68,50,A6-S8
USI_NG_LAB_4963_068,imei,imei,49,308.9,392.68,50,A6-S8
USI_NG_LAB_4963_068,imei,imei,49,308.9,392.68,50,A6-S8
USI_NG_LAB_4963_068,imei,imei,50,308.9,392.68,50,A6-S8
USI_NG_LAB_4963_068,imei,imei,50,308.9,392.68,50,A6-S8
USI_NG_LAB_4963_068,imei,imei,50,308.9,392.68,50,A6-S8
USI_NG_LAB_4963_068,imei,imei,50,308.9,392.68,50,A6-S8
USI_NG_LAB_4963_068,imei,imei,50,308.9,392.68,50,A6-S8
USI_NG_LAB_4963_068,imei,imei,50,308.9,392.68,50,A6-S8
USI_NG_LAB_4963_068,imei,imei,50,308.9,392.68,50,A6-S8
USI_NG_LAB_0945_070,noodle1,noodle1,89,596.09,832.79,100,A7-S0
USI_NG_LAB_6960_071,noodle1,noodle1,91,235.29,331.55,100,A7-S1
USI_NG_LAB_0945_070,noodle1,noodle1,2,596.09,832.79,100,A7-S0
USI_NG_LAB_6960_071,noodle1,noodle1,0,235.29,331.55,100,A7-S1
USI_NG_LAB_0945_070,noodle1,noodle1,1,596.09,832.79,100,A7-S0
USI_NG_LAB_6960_071,noodle1,noodle1,97,235.29,331.55,100,A7-S1
USI_NG_LAB_0945_070,noodle1,noodle1,98,596.09,832.79,100,A7-S0
USI_NG_LAB_6960_071,noodle1,noodle1,98,235.29,331.55,100,A7-S1
USI_NG_LAB_0945_070,noodle1,noodle1,100,596.09,832.79,100,A7-S0
USI_NG_LAB_6960_071,noodle1,noodle1,98,235.29,331.55,100,A7-S1
USI_NG_LAB_0945_070,noodle1,noodle1,100,596.09,832.79,100,A7-S0
USI_NG_LAB_6960_071,noodle1,noodle1,97,235.29,331.55,100,A7-S1
USI_NG_LAB_0945_070,noodle1,noodle1,100,596.09,832.79,100,A7-S0
USI_NG_LAB_6960_071,noodle1,noodle1,98,235.29,331.55,100,A7-S1
USI_NG_LAB_0945_070,noodle1,noodle1,98,596.09,832.79,100,A7-S0
USI_NG_LAB_6960_071,noodle1,noodle1,100,235.29,331.55,100,A7-S1
USI_NG_LAB_0945_070,noodle1,noodle1,100,596.09,832.79,100,A7-S0
USI_NG_LAB_6960_071,noodle1,noodle1,98,235.29,331.55,100,A7-S1
USI_NG_LAB_0945_070,noodle1,noodle1,100,596.09,832.79,100,A7-S0
USI_NG_LAB_6960_071,noodle1,noodle1,98,235.29,331.55,100,A7-S1
USI_NG_LAB_4205_072,noodle2,noodle2,94,243.14,336.38,100,A7-S2
USI_NG_LAB_1957_073,noodle2,noodle2,296,115.99,151.15,300,A7-S3
USI_NG_LAB_4205_072,noodle2,noodle2,0,243.14,336.38,100,A7-S2
USI_NG_LAB_1957_073,noodle2,noodle2,296,115.99,151.15,300,A7-S3
USI_NG_LAB_4205_072,noodle2,noodle2,98,243.14,336.38,100,A7-S2
USI_NG_LAB_1957_073,noodle2,noodle2,300,115.99,151.15,300,A7-S3
USI_NG_LAB_4205_072,noodle2,noodle2,98,243.14,336.38,100,A7-S2
USI_NG_LAB_1957_073,noodle2,noodle2,293,115.99,151.15,300,A7-S3
USI_NG_LAB_4205_072,noodle2,noodle2,97,243.14,336.38,100,A7-S2
USI_NG_LAB_1957_073,noodle2,noodle2,296,115.99,151.15,300,A7-S3
USI_NG_LAB_4205_072,noodle2,noodle2,98,243.14,336.38,100,A7-S2
USI_NG_LAB_1957_073,noodle2,noodle2,296,115.99,151.15,300,A7-S3
USI_NG_LAB_4205_072,noodle2,noodle2,98,243.14,336.38,100,A7-S2
USI_NG_LAB_1957_073,noodle2,noodle2,300,115.99,151.15,300,A7-S3
USI_NG_LAB_4205_072,noodle2,noodle2,97,243.14,336.38,100,A7-S2
USI_NG_LAB_1957_073,noodle2,noodle2,296,115.99,151.15,300,A7-S3
USI_NG_LAB_4205_072,noodle2,noodle2,98,243.14,336.38,100,A7-S2
USI_NG_LAB_1957_073,noodle2,noodle2,296,115.99,151.15,300,A7-S3
USI_NG_LAB_4205_072,noodle2,noodle2,100,243.14,336.38,100,A7-S2
USI_NG_LAB_1957_073,noodle2,noodle2,300,115.99,151.15,300,A7-S3
USI_NG_LAB_4903_074,noodle3,noodle3,194,519.65,650.05,200,A7-S4
USI_NG_LAB_4065_075,noodle3,noodle3,145,805.49,1186.87,150,A7-S5
USI_NG_LAB_4903_074,noodle3,noodle3,200,519.65,650.05,200,A7-S4
USI_NG_LAB_4065_075,noodle3,noodle3,143,805.49,1186.87,150,A7-S5
USI_NG_LAB_4903_074,noodle3,noodle3,197,519.65,650.05,200,A7-S4
USI_NG_LAB_4065_075,noodle3,noodle3,145,805.49,1186.87,150,A7-S5
USI_NG_LAB_4903_074,noodle3,noodle3,200,519.65,650.05,200,A7-S4
USI_NG_LAB_4065_075,noodle3,noodle3,145,805.49,1186.87,150,A7-S5
USI_NG_LAB_4903_074,noodle3,noodle3,200,519.65,650.05,200,A7-S4
USI_NG_LAB_4065_075,noodle3,noodle3,145,805.49,1186.87,150,A7-S5
USI_NG_LAB_4903_074,noodle3,noodle3,200,519.65,650.05,200,A7-S4
USI_NG_LAB_4065_075,noodle3,noodle3,148,805.49,1186.87,150,A7-S5
USI_NG_LAB_4903_074,noodle3,noodle3,200,519.65,650.05,200,A7-S4
USI_NG_LAB_4065_075,noodle3,noodle3,145,805.49,1186.87,150,A7-S5
USI_NG_LAB_4903_074,noodle3,noodle3,200,519.65,650.05,200,A7-S4
USI_NG_LAB_4065_075,noodle3,noodle3,145,805.49,1186.87,150,A7-S5
USI_NG_LAB_4903_074,noodle3,noodle3,200,519.65,650.05,200,A7-S4
USI_NG_LAB_4065_075,noodle3,noodle3,147,805.49,1186.87,150,A7-S5
USI_NG_LAB_4903_074,noodle3,noodle3,200,519.65,650.05,200,A7-S4
USI_NG_LAB_4065_075,noodle3,noodle3,148,805.49,1186.87,150,A7-S5
USI_NG_LAB_5363_076,noodle4,noodle4,145,270.39,331.29,150,A7-S6
USI_NG_LAB_1699_077,noodle4,noodle4,296,566.79,849.29,300,A7-S7
USI_NG_LAB_5363_076,noodle4,noodle4,148,270.39,331.29,150,A7-S6
USI_NG_LAB_1699_077,noodle4,noodle4,282,566.79,849.29,300,A7-S7
USI_NG_LAB_5363_076,noodle4,noodle4,150,270.39,331.29,150,A7-S6
USI_NG_LAB_1699_077,noodle4,noodle4,286,566.79,849.29,300,A7-S7
USI_NG_LAB_5363_076,noodle4,noodle4,150,270.39,331.29,150,A7-S6
USI_NG_LAB_1699_077,noodle4,noodle4,292,566.79,849.29,300,A7-S7
USI_NG_LAB_5363_076,noodle4,noodle4,148,270.39,331.29,150,A7-S6
USI_NG_LAB_1699_077,noodle4,noodle4,286,566.79,849.29,300,A7-S7
USI_NG_LAB_5363_076,noodle4,noodle4,150,270.39,331.29,150,A7-S6
USI_NG_LAB_1699_077,noodle4,noodle4,296,566.79,849.29,300,A7-S7
USI_NG_LAB_5363_076,noodle4,noodle4,150,270.39,331.29,150,A7-S6
USI_NG_LAB_1699_077,noodle4,noodle4,290,566.79,849.29,300,A7-S7
USI_NG_LAB_5363_076,noodle4,noodle4,150,270.39,331.29,150,A7-S6
USI_NG_LAB_1699_077,noodle4,noodle4,300,566.79,849.29,300,A7-S7
USI_NG_LAB_5363_076,noodle4,noodle4,150,270.39,331.29,150,A7-S6
USI_NG_LAB_1699_077,noodle4,noodle4,296,566.79,849.29,300,A7-S7
USI_NG_LAB_5363_076,noodle4,noodle4,150,270.39,331.29,150,A7-S6
USI_NG_LAB_1699_077,noodle4,noodle4,296,566.79,849.29,300,A7-S7
USI_NG_LAB_2658_091,paper,paper,143,659.29,858.96,150,A9-S1
USI_NG_LAB_4593_092,paper,paper,100,799.04,1074.32,100,A9-S2
USI_NG_LAB_2658_091,paper,paper,150,659.29,858.96,150,A9-S1
USI_NG_LAB_4593_092,paper,paper,99,799.04,1074.32,100,A9-S2
USI_NG_LAB_2658_091,paper,paper,146,659.29,858.96,150,A9-S1
USI_NG_LAB_4593_092,paper,paper,100,799.04,1074.32,100,A9-S2
USI_NG_LAB_2658_091,paper,paper,146,659.29,858.96,150,A9-S1
USI_NG_LAB_4593_092,paper,paper,100,799.04,1074.32,100,A9-S2
USI_NG_LAB_2658_091,paper,paper,146,659.29,858.96,150,A9-S1
USI_NG_LAB_4593_092,paper,paper,100,799.04,1074.32,100,A9-S2
USI_NG_LAB_2658_091,paper,paper,146,659.29,858.96,150,A9-S1
USI_NG_LAB_4593_092,paper,paper,100,799.04,1074.32,100,A9-S2
USI_NG_LAB_2658_091,paper,paper,143,659.29,858.96,150,A9-S1
USI_NG_LAB_4593_092,paper,paper,100,799.04,1074.32,100,A9-S2
USI_NG_LAB_2658_091,paper,paper,143,659.29,858.96,150,A9-S1
USI_NG_LAB_4593_092,paper,paper,100,799.04,1074.32,100,A9-S2
USI_NG_LAB_2658_091,paper,paper,146,659.29,858.96,150,A9-S1
USI_NG_LAB_4593_092,paper,paper,100,799.04,1074.32,100,A9-S2
USI_NG_LAB_2658_091,paper,paper,146,659.29,858.96,150,A9-S1
USI_NG_LAB_4593_092,paper,paper,100,799.04,1074.32,100,A9-S2
USI_NG_LAB_8671_006,pepsi,pepsi,50,824.81,1182.47,50,A0-S6
USI_NG_LAB_8193_007,pepsi,pepsi,198,124.11,179.67,200,A0-S7
USI_NG_LAB_7946_008,pepsi,pepsi,50,363.64,438.76,50,A0-S8
USI_NG_LAB_8007_009,pepsi,pepsi,98,912.16,1104.26,100,A0-S9
USI_NG_LAB_5725_010,pepsi,pepsi,198,854.04,1248.83,200,A1-S0
USI_NG_LAB_9558_011,pepsi,pepsi,300,516.42,638.01,300,A1-S1
USI_NG_LAB_2621_012,pepsi,pepsi,300,802.19,973.74,300,A1-S2
USI_NG_LAB_8671_006,pepsi,pepsi,50,824.81,1182.47,50,A0-S6
USI_NG_LAB_8193_007,pepsi,pepsi,198,124.11,179.67,200,A0-S7
USI_NG_LAB_7946_008,pepsi,pepsi,49,363.64,438.76,50,A0-S8
USI_NG_LAB_8007_009,pepsi,pepsi,98,912.16,1104.26,100,A0-S9
USI_NG_LAB_5725_010,pepsi,pepsi,198,854.04,1248.83,200,A1-S0
USI_NG_LAB_9558_011,pepsi,pepsi,297,516.42,638.01,300,A1-S1
USI_NG_LAB_2621_012,pepsi,pepsi,297,802.19,973.74,300,A1-S2
USI_NG_LAB_8671_006,pepsi,pepsi,49,824.81,1182.47,50,A0-S6
USI_NG_LAB_8193_007,pepsi,pepsi,198,124.11,179.67,200,A0-S7
USI_NG_LAB_7946_008,pepsi,pepsi,49,363.64,438.76,50,A0-S8
USI_NG_LAB_8007_009,pepsi,pepsi,96,912.16,1104.26,100,A0-S9
USI_NG_LAB_5725_010,pepsi,pepsi,198,854.04,1248.83,200,A1-S0
USI_NG_LAB_9558_011,pepsi,pepsi,297,516.42,638.01,300,A1-S1
USI_NG_LAB_2621_012,pepsi,pepsi,297,802.19,973.74,300,A1-S2
USI_NG_LAB_8671_006,pepsi,pepsi,50,824.81,1182.47,50,A0-S6
USI_NG_LAB_8193_007,pepsi,pepsi,198,124.11,179.67,200,A0-S7
USI_NG_LAB_7946_008,pepsi,pepsi,50,363.64,438.76,50,A0-S8
USI_NG_LAB_8007_009,pepsi,pepsi,100,912.16,1104.26,100,A0-S9
USI_NG_LAB_5725_010,pepsi,pepsi,198,854.04,1248.83,200,A1-S0
USI_NG_LAB_9558_011,pepsi,pepsi,297,516.42,638.01,300,A1-S1
USI_NG_LAB_2621_012,pepsi,pepsi,297,802.19,973.74,300,A1-S2
USI_NG_LAB_8671_006,pepsi,pepsi,50,824.81,1182.47,50,A0-S6
USI_NG_LAB_8193_007,pepsi,pepsi,198,124.11,179.67,200,A0-S7
USI_NG_LAB_7946_008,pepsi,pepsi,50,363.64,438.76,50,A0-S8
USI_NG_LAB_8007_009,pepsi,pepsi,100,912.16,1104.26,100,A0-S9
USI_NG_LAB_5725_010,pepsi,pepsi,198,854.04,1248.83,200,A1-S0
USI_NG_LAB_9558_011,pepsi,pepsi,297,516.42,638.01,300,A1-S1
USI_NG_LAB_2621_012,pepsi,pepsi,294,802.19,973.74,300,A1-S2
USI_NG_LAB_8671_006,pepsi,pepsi,50,824.81,1182.47,50,A0-S6
USI_NG_LAB_8193_007,pepsi,pepsi,198,124.11,179.67,200,A0-S7
USI_NG_LAB_7946_008,pepsi,pepsi,50,363.64,438.76,50,A0-S8
USI_NG_LAB_8007_009,pepsi,pepsi,100,912.16,1104.26,100,A0-S9
USI_NG_LAB_5725_010,pepsi,pepsi,198,854.04,1248.83,200,A1-S0
USI_NG_LAB_9558_011,pepsi,pepsi,297,516.42,638.01,300,A1-S1
USI_NG_LAB_2621_012,pepsi,pepsi,297,802.19,973.74,300,A1-S2
USI_NG_LAB_8671_006,pepsi,pepsi,50,824.81,1182.47,50,A0-S6
USI_NG_LAB_8193_007,pepsi,pepsi,198,124.11,179.67,200,A0-S7
USI_NG_LAB_7946_008,pepsi,pepsi,50,363.64,438.76,50,A0-S8
USI_NG_LAB_8007_009,pepsi,pepsi,99,912.16,1104.26,100,A0-S9
USI_NG_LAB_5725_010,pepsi,pepsi,198,854.04,1248.83,200,A1-S0
USI_NG_LAB_9558_011,pepsi,pepsi,297,516.42,638.01,300,A1-S1
USI_NG_LAB_2621_012,pepsi,pepsi,297,802.19,973.74,300,A1-S2
USI_NG_LAB_8671_006,pepsi,pepsi,50,824.81,1182.47,50,A0-S6
USI_NG_LAB_8193_007,pepsi,pepsi,198,124.11,179.67,200,A0-S7
USI_NG_LAB_7946_008,pepsi,pepsi,50,363.64,438.76,50,A0-S8
USI_NG_LAB_8007_009,pepsi,pepsi,100,912.16,1104.26,100,A0-S9
USI_NG_LAB_5725_010,pepsi,pepsi,198,854.04,1248.83,200,A1-S0
USI_NG_LAB_9558_011,pepsi,pepsi,300,516.42,638.01,300,A1-S1
USI_NG_LAB_2621_012,pepsi,pepsi,300,802.19,973.74,300,A1-S2
USI_NG_LAB_8671_006,pepsi,pepsi,50,824.81,1182.47,50,A0-S6
USI_NG_LAB_8193_007,pepsi,pepsi,198,124.11,179.67,200,A0-S7
USI_NG_LAB_7946_008,pepsi,pepsi,49,363.64,438.76,50,A0-S8
USI_NG_LAB_8007_009,pepsi,pepsi,99,912.16,1104.26,100,A0-S9
USI_NG_LAB_5725_010,pepsi,pepsi,198,854.04,1248.83,200,A1-S0
USI_NG_LAB_9558_011,pepsi,pepsi,297,516.42,638.01,300,A1-S1
USI_NG_LAB_2621_012,pepsi,pepsi,297,802.19,973.74,300,A1-S2
USI_NG_LAB_8671_006,pepsi,pepsi,50,824.81,1182.47,50,A0-S6
USI_NG_LAB_8193_007,pepsi,pepsi,200,124.11,179.67,200,A0-S7
USI_NG_LAB_7946_008,pepsi,pepsi,50,363.64,438.76,50,A0-S8
USI_NG_LAB_8007_009,pepsi,pepsi,100,912.16,1104.26,100,A0-S9
USI_NG_LAB_5725_010,pepsi,pepsi,200,854.04,1248.83,200,A1-S0
USI_NG_LAB_9558_011,pepsi,pepsi,297,516.42,638.01,300,A1-S1
USI_NG_LAB_2621_012,pepsi,pepsi,300,802.19,973.74,300,A1-S2
USI_NG_LAB_2748_089,raid,raid,48,877.72,1106.04,50,A8-S9
USI_NG_LAB_2748_089,raid,raid,49,877.72,1106.04,50,A8-S9
USI_NG_LAB_2748_089,raid,raid,50,877.72,1106.04,50,A8-S9
USI_NG_LAB_2748_089,raid,raid,49,877.72,1106.04,50,A8-S9
USI_NG_LAB_2748_089,raid,raid,48,877.72,1106.04,50,A8-S9
USI_NG_LAB_2748_089,raid,raid,50,877.72,1106.04,50,A8-S9
USI_NG_LAB_2748_089,raid,raid,48,877.72,1106.04,50,A8-S9
USI_NG_LAB_2748_089,raid,raid,50,877.72,1106.04,50,A8-S9
USI_NG_LAB_2748_089,raid,raid,49,877.72,1106.04,50,A8-S9
USI_NG_LAB_2748_089,raid,raid,49,877.72,1106.04,50,A8-S9
USI_NG_LAB_4957_094,soup,soup,148,358.4,431.23,150,A9-S4
USI_NG_LAB_4957_094,soup,soup,147,358.4,431.23,150,A9-S4
USI_NG_LAB_4957_094,soup,soup,148,358.4,431.23,150,A9-S4
USI_NG_LAB_4957_094,soup,soup,148,358.4,431.23,150,A9-S4
USI_NG_LAB_4957_094,soup,soup,147,358.4,431.23,150,A9-S4
USI_NG_LAB_4957_094,soup,soup,148,358.4,431.23,150,A9-S4
USI_NG_LAB_4957_094,soup,soup,150,358.4,431.23,150,A9-S4
USI_NG_LAB_4957_094,soup,soup,147,358.4,431.23,150,A9-S4
USI_NG_LAB_4957_094,soup,soup,148,358.4,431.23,150,A9-S4
USI_NG_LAB_4957_094,soup,soup,148,358.4,431.23,150,A9-S4
USI_NG_LAB_8239_013,sprite,sprite,148,864.6,1168.68,150,A1-S3
USI_NG_LAB_9038_014,sprite,sprite,48,559.23,713.79,50,A1-S4
USI_NG_LAB_8239_013,sprite,sprite,0,864.6,1168.68,150,A1-S3
USI_NG_LAB_9038_014,sprite,sprite,0,559.23,713.79,50,A1-S4
USI_NG_LAB_8239_013,sprite,sprite,3,864.6,1168.68,150,A1-S3
USI_NG_LAB_9038_014,sprite,sprite,0,559.23,713.79,50,A1-S4
USI_NG_LAB_8239_013,sprite,sprite,0,864.6,1168.68,150,A1-S3
USI_NG_LAB_9038_014,sprite,sprite,0,559.23,713.79,50,A1-S4
USI_NG_LAB_8239_013,sprite,sprite,3,864.6,1168.68,150,A1-S3
USI_NG_LAB_9038_014,sprite,sprite,2,559.23,713.79,50,A1-S4
USI_NG_LAB_8239_013,sprite,sprite,148,864.6,1168.68,150,A1-S3
USI_NG_LAB_9038_014,sprite,sprite,50,559.23,713.79,50,A1-S4
USI_NG_LAB_8239_013,sprite,sprite,145,864.6,1168.68,150,A1-S3
USI_NG_LAB_9038_014,sprite,sprite,50,559.23,713.79,50,A1-S4
USI_NG_LAB_8239_013,sprite,sprite,148,864.6,1168.68,150,A1-S3
USI_NG_LAB_9038_014,sprite,sprite,50,559.23,713.79,50,A1-S4
USI_NG_LAB_8239_013,sprite,sprite,145,864.6,1168.68,150,A1-S3
USI_NG_LAB_9038_014,sprite,sprite,50,559.23,713.79,50,A1-S4
USI_NG_LAB_8239_013,sprite,sprite,148,864.6,1168.68,150,A1-S3
USI_NG_LAB_9038_014,sprite,sprite,50,559.23,713.79,50,A1-S4
USI_NG_LAB_3294_027,sprite_can1,sprite_can1,98,900.77,1301.25,100,A2-S7
USI_NG_LAB_3157_028,sprite_can1,sprite_can1,50,657.21,919.33,50,A2-S8
USI_NG_LAB_2177_029,sprite_can1,sprite_can1,191,235.91,346.13,200,A2-S9
USI_NG_LAB_3294_027,sprite_can1,sprite_can1,96,900.77,1301.25,100,A2-S7
USI_NG_LAB_3157_028,sprite_can1,sprite_can1,49,657.21,919.33,50,A2-S8
USI_NG_LAB_2177_029,sprite_can1,sprite_can1,196,235.91,346.13,200,A2-S9
USI_NG_LAB_3294_027,sprite_can1,sprite_can1,96,900.77,1301.25,100,A2-S7
USI_NG_LAB_3157_028,sprite_can1,sprite_can1,50,657.21,919.33,50,A2-S8
USI_NG_LAB_2177_029,sprite_can1,sprite_can1,196,235.91,346.13,200,A2-S9
USI_NG_LAB_3294_027,sprite_can1,sprite_can1,96,900.77,1301.25,100,A2-S7
USI_NG_LAB_3157_028,sprite_can1,sprite_can1,49,657.21,919.33,50,A2-S8
USI_NG_LAB_2177_029,sprite_can1,sprite_can1,196,235.91,346.13,200,A2-S9
USI_NG_LAB_3294_027,sprite_can1,sprite_can1,95,900.77,1301.25,100,A2-S7
USI_NG_LAB_3157_028,sprite_can1,sprite_can1,49,657.21,919.33,50,A2-S8
USI_NG_LAB_2177_029,sprite_can1,sprite_can1,196,235.91,346.13,200,A2-S9
USI_NG_LAB_3294_027,sprite_can1,sprite_can1,96,900.77,1301.25,100,A2-S7
USI_NG_LAB_3157_028,sprite_can1,sprite_can1,49,657.21,919.33,50,A2-S8
USI_NG_LAB_2177_029,sprite_can1,sprite_can1,196,235.91,346.13,200,A2-S9
USI_NG_LAB_3294_027,sprite_can1,sprite_can1,96,900.77,1301.25,100,A2-S7
USI_NG_LAB_3157_028,sprite_can1,sprite_can1,49,657.21,919.33,50,A2-S8
USI_NG_LAB_2177_029,sprite_can1,sprite_can1,196,235.91,346.13,200,A2-S9
USI_NG_LAB_3294_027,sprite_can1,sprite_can1,96,900.77,1301.25,100,A2-S7
USI_NG_LAB_3157_028,sprite_can1,sprite_can1,50,657.21,919.33,50,A2-S8
USI_NG_LAB_2177_029,sprite_can1,sprite_can1,196,235.91,346.13,200,A2-S9
USI_NG_LAB_3294_027,sprite_can1,sprite_can1,96,900.77,1301.25,100,A2-S7
USI_NG_LAB_3157_028,sprite_can1,sprite_can1,49,657.21,919.33,50,A2-S8
USI_NG_LAB_2177_029,sprite_can1,sprite_can1,196,235.91,346.13,200,A2-S9
USI_NG_LAB_3294_027,sprite_can1,sprite_can1,100,900.77,1301.25,100,A2-S7
USI_NG_LAB_3157_028,sprite_can1,sprite_can1,49,657.21,919.33,50,A2-S8
USI_NG_LAB_2177_029,sprite_can1,sprite_can1,200,235.91,346.13,200,A2-S9
USI_NG_LAB_5140_059,sprite_can2,sprite_can2,48,567.93,771.39,50,A5-S9
USI_NG_LAB_7809_060,sprite_can2,sprite_can2,288,677.58,1005.34,300,A6-S0
USI_NG_LAB_7136_061,sprite_can2,sprite_can2,300,729.93,1076.97,300,A6-S1
USI_NG_LAB_7021_062,sprite_can2,sprite_can2,300,874.01,1097.83,300,A6-S2
USI_NG_LAB_3897_063,sprite_can2,sprite_can2,148,221.09,288.8,150,A6-S3
USI_NG_LAB_7983_064,sprite_can2,sprite_can2,292,796.07,1014.46,300,A6-S4
USI_NG_LAB_5140_059,sprite_can2,sprite_can2,50,567.93,771.39,50,A5-S9
USI_NG_LAB_7809_060,sprite_can2,sprite_can2,300,677.58,1005.34,300,A6-S0
USI_NG_LAB_7136_061,sprite_can2,sprite_can2,300,729.93,1076.97,300,A6-S1
USI_NG_LAB_7021_062,sprite_can2,sprite_can2,293,874.01,1097.83,300,A6-S2
USI_NG_LAB_3897_063,sprite_can2,sprite_can2,146,221.09,288.8,150,A6-S3
USI_NG_LAB_7983_064,sprite_can2,sprite_can2,289,796.07,1014.46,300,A6-S4
USI_NG_LAB_5140_059,sprite_can2,sprite_can2,48,567.93,771.39,50,A5-S9
USI_NG_LAB_7809_060,sprite_can2,sprite_can2,296,677.58,1005.34,300,A6-S0
USI_NG_LAB_7136_061,sprite_can2,sprite_can2,300,729.93,1076.97,300,A6-S1
USI_NG_LAB_7021_062,sprite_can2,sprite_can2,300,874.01,1097.83,300,A6-S2
USI_NG_LAB_3897_063,sprite_can2,sprite_can2,148,221.09,288.8,150,A6-S3
USI_NG_LAB_7983_064,sprite_can2,sprite_can2,296,796.07,1014.46,300,A6-S4
USI_NG_LAB_5140_059,sprite_can2,sprite_can2,48,567.93,771.39,50,A5-S9
USI_NG_LAB_7809_060,sprite_can2,sprite_can2,292,677.58,1005.34,300,A6-S0
USI_NG_LAB_7136_061,sprite_can2,sprite_can2,296,729.93,1076.97,300,A6-S1
USI_NG_LAB_7021_062,sprite_can2,sprite_can2,293,874.01,1097.83,300,A6-S2
USI_NG_LAB_3897_063,sprite_can2,sprite_can2,148,221.09,288.8,150,A6-S3
USI_NG_LAB_7983_064,sprite_can2,sprite_can2,296,796.07,1014.46,300,A6-S4
USI_NG_LAB_5140_059,sprite_can2,sprite_can2,48,567.93,771.39,50,A5-S9
USI_NG_LAB_7809_060,sprite_can2,sprite_can2,296,677.58,1005.34,300,A6-S0
USI_NG_LAB_7136_061,sprite_can2,sprite_can2,300,729.93,1076.97,300,A6-S1
USI_NG_LAB_7021_062,sprite_can2,sprite_can2,300,874.01,1097.83,300,A6-S2
USI_NG_LAB_3897_063,sprite_can2,sprite_can2,148,221.09,288.8,150,A6-S3
USI_NG_LAB_7983_064,sprite_can2,sprite_can2,292,796.07,1014.46,300,A6-S4
USI_NG_LAB_5140_059,sprite_can2,sprite_can2,49,567.93,771.39,50,A5-S9
USI_NG_LAB_7809_060,sprite_can2,sprite_can2,296,677.58,1005.34,300,A6-S0
USI_NG_LAB_7136_061,sprite_can2,sprite_can2,300,729.93,1076.97,300,A6-S1
USI_NG_LAB_7021_062,sprite_can2,sprite_can2,300,874.01,1097.83,300,A6-S2
USI_NG_LAB_3897_063,sprite_can2,sprite_can2,148,221.09,288.8,150,A6-S3
USI_NG_LAB_7983_064,sprite_can2,sprite_can2,300,796.07,1014.46,300,A6-S4
USI_NG_LAB_5140_059,sprite_can2,sprite_can2,49,567.93,771.39,50,A5-S9
USI_NG_LAB_7809_060,sprite_can2,sprite_can2,288,677.58,1005.34,300,A6-S0
USI_NG_LAB_7136_061,sprite_can2,sprite_can2,296,729.93,1076.97,300,A6-S1
USI_NG_LAB_7021_062,sprite_can2,sprite_can2,300,874.01,1097.83,300,A6-S2
USI_NG_LAB_3897_063,sprite_can2,sprite_can2,148,221.09,288.8,150,A6-S3
USI_NG_LAB_7983_064,sprite_can2,sprite_can2,296,796.07,1014.46,300,A6-S4
USI_NG_LAB_5140_059,sprite_can2,sprite_can2,48,567.93,771.39,50,A5-S9
USI_NG_LAB_7809_060,sprite_can2,sprite_can2,292,677.58,1005.34,300,A6-S0
USI_NG_LAB_7136_061,sprite_can2,sprite_can2,296,729.93,1076.97,300,A6-S1
USI_NG_LAB_7021_062,sprite_can2,sprite_can2,300,874.01,1097.83,300,A6-S2
USI_NG_LAB_3897_063,sprite_can2,sprite_can2,148,221.09,288.8,150,A6-S3
USI_NG_LAB_7983_064,sprite_can2,sprite_can2,300,796.07,1014.46,300,A6-S4
USI_NG_LAB_5140_059,sprite_can2,sprite_can2,49,567.93,771.39,50,A5-S9
USI_NG_LAB_7809_060,sprite_can2,sprite_can2,296,677.58,1005.34,300,A6-S0
USI_NG_LAB_7136_061,sprite_can2,sprite_can2,300,729.93,1076.97,300,A6-S1
USI_NG_LAB_7021_062,sprite_can2,sprite_can2,300,874.01,1097.83,300,A6-S2
USI_NG_LAB_3897_063,sprite_can2,sprite_can2,148,221.09,288.8,150,A6-S3
USI_NG_LAB_7983_064,sprite_can2,sprite_can2,300,796.07,1014.46,300,A6-S4
USI_NG_LAB_5140_059,sprite_can2,sprite_can2,50,567.93,771.39,50,A5-S9
USI_NG_LAB_7809_060,sprite_can2,sprite_can2,300,677.58,1005.34,300,A6-S0
USI_NG_LAB_7136_061,sprite_can2,sprite_can2,300,729.93,1076.97,300,A6-S1
USI_NG_LAB_7021_062,sprite_can2,sprite_can2,300,874.01,1097.83,300,A6-S2
USI_NG_LAB_3897_063,sprite_can2,sprite_can2,148,221.09,288.8,150,A6-S3
USI_NG_LAB_7983_064,sprite_can2,sprite_can2,296,796.07,1014.46,300,A6-S4
USI_NG_LAB_4139_093,tomato,tomato,197,785.11,966.32,200,A9-S3
USI_NG_LAB_4139_093,tomato,tomato,198,785.11,966.32,200,A9-S3
USI_NG_LAB_4139_093,tomato,tomato,197,785.11,966.32,200,A9-S3
USI_NG_LAB_4139_093,tomato,tomato,192,785.11,966.32,200,A9-S3
USI_NG_LAB_4139_093,tomato,tomato,198,785.11,966.32,200,A9-S3
USI_NG_LAB_4139_093,tomato,tomato,192,785.11,966.32,200,A9-S3
USI_NG_LAB_4139_093,tomato,tomato,195,785.11,966.32,200,A9-S3
USI_NG_LAB_4139_093,tomato,tomato,192,785.11,966.32,200,A9-S3
USI_NG_LAB_4139_093,tomato,tomato,192,785.11,966.32,200,A9-S3
USI_NG_LAB_4139_093,tomato,tomato,200,785.11,966.32,200,A9-S3
